key,en,he,context,notes
contact.donate.open_paypal,Open PayPal →,,donation button,
contact.donate.open_venmo,Open Venmo →,,donation button,
contact.donate.tab_paypal,PayPal,,donation tab,
contact.donate.tab_venmo,Venmo,,donation tab,
contact.donate.tab_zelle,Zelle,,donation tab,
contact.donate.zelle_qr_alt,Zelle QR code for donating to IvritSuite,,image alt,aria/alt
contact.donate.zelle_scan_note,Scan with your bank's Zelle feature,,zelle panel caption,
contact.form.captcha_required,Please complete the “I’m human” check below before sending.,,form status,
contact.form.email_fallback,Prefer your own email app? Write to {email}.,,below form,template; html
contact.form.email_label,Your email,,form label,
contact.form.error_email_suffix,You can also email {email}.,,form status suffix,template; html
contact.form.error_fallback,Sorry — that didn’t go through.,,form status fallback,
contact.form.error_network,Sorry — that didn’t go through. Please email {email} directly.,,form status,template; html
contact.form.message_label,Message,,form label,
contact.form.name_label,Your name,,form label,
contact.form.sending,Sending…,,form status,
contact.form.subject_label,Subject,,form label,
contact.form.subject_optional,(optional),,form label hint,
contact.form.submit_button,Send message,,submit button,
contact.form.success,Message sent ✓ — thank you! I’ll get back to you soon.,,form status,
contact.getintouch_heading,Get in touch,,tile heading,
contact.getintouch_intro,Send a message below and it will go straight to my inbox. Please include your email so I can write back.,,tile intro,
contact.header.back_link,← Back,,header back button,leading-arrow
contact.header.tagline,Get in touch · Support the project,,header subtitle,
contact.header.title,IvritSuite — Contact & Support,,header h1,
contact.lede,"Have a question, found a bug, or have an idea for a new feature? I'd love to hear from you.",,page lede,
contact.page_title,Contact & Support,,page title,
contact.support_body,"IvritSuite is free, and it always will be — no accounts, no ads, no paywalls. If these tools have been useful in your classroom or learning, a small donation helps cover the development and upkeep that keep them running and growing. It's entirely optional, and deeply appreciated. Thank you.",,tile body,
contact.support_heading,Support IvritSuite,,tile heading,
dashboard.about.faq_a1,"It displays the live Hebrew date, time, weather, and days of the week for use on classroom SmartBoards or projectors during morning routine and Hebrew instruction.",,FAQ answer,
dashboard.about.faq_a2,"Yes. The dashboard is designed for SmartBoards, projectors, and large displays. A built-in fullscreen mode and zoom control let you size content for any classroom screen.",,FAQ answer,
dashboard.about.faq_a3,Yes. The dashboard is free to use under CC BY-NC-SA 4.0 for non-commercial educational purposes.,,FAQ answer,
dashboard.about.faq_a4,Yes. The Hebrew (Jewish) date and the corresponding Gregorian date are shown live and update automatically each day.,,FAQ answer,
dashboard.about.faq_a5,"Click ❓ Tour in the top bar for a quick walkthrough. First-time teachers also get a setup card. To switch layouts, open Settings → Presets and tap a Quick-start layout — Hebrew classroom, Morning routine, or a General classroom layout for non-Judaics rooms — then tweak it and Save your own preset.",,FAQ answer,
dashboard.about.faq_a6,Yes. Settings → Schedule Sync lets you assign a preset and an end time to each period; the board reconfigures itself through the day and shows a live Now / Next display and a countdown.,,FAQ answer,
dashboard.about.faq_a7,"Fullscreen keeps the screen awake automatically. Otherwise turn on Keep screen awake in Settings → Display Options, where the browser supports it.",,FAQ answer,
dashboard.about.faq_q1,What is the Hebrew classroom dashboard for?,,FAQ question,
dashboard.about.faq_q2,Does it work on SmartBoards?,,FAQ question,
dashboard.about.faq_q3,Is the dashboard free?,,FAQ question,
dashboard.about.faq_q4,Can I project the Hebrew date?,,FAQ question,
dashboard.about.faq_q5,"Is there a guided tour, and how do I switch layouts?",,FAQ question,
dashboard.about.faq_q6,Can the dashboard switch between periods by itself?,,FAQ question,
dashboard.about.faq_q7,How do I keep the display from going to sleep?,,FAQ question,
dashboard.about.faq_summary,Frequently Asked Questions,,FAQ section summary,
dashboard.about.howto_1,Set your location for accurate weather and Hebrew date.,,how-to step,
dashboard.about.howto_2,Pick which panels to show in Display Options.,,how-to step,
dashboard.about.howto_3,Customize the Hebrew font and nikkud display.,,how-to step,
dashboard.about.howto_4,Use the fullscreen button to project to your SmartBoard.,,how-to step,
dashboard.about.howto_5,Save your setup as a preset — or start from a Quick-start layout in the Presets panel.,,how-to step,
dashboard.about.howto_6,"In fullscreen, move the mouse to reveal quick controls (settings, timer, text, video).",,how-to step,
dashboard.about.howto_7,Click the ✎ on the dashboard message to edit it right on the board.,,how-to step,
dashboard.about.howto_summary,How To Use,,how-to section summary,
dashboard.backup.err_invalid_json,Invalid JSON.,,Manual-backup import error alert,alert
dashboard.backup.placeholder,"Paste backup JSON here, or click Export…",,Manual-backup textarea placeholder,placeholder
dashboard.color.color_code_nikkud,Color-code nikkud,,settings label,
dashboard.color.color_style,Color style,,settings label,
dashboard.color.mode_color,Color,,radio option,
dashboard.color.mode_highlight,Highlight,,radio option,
dashboard.color.mode_underline,Underline,,radio option,
dashboard.color.reset,Reset,,vowel scheme reset button,
dashboard.color.reset_confirm,Are you sure? This resets your custom vowel colors for both the Default and TaL AM schemes.,,confirm dialog,
dashboard.color.scheme_default,Default,,vowel scheme button,
dashboard.color.scheme_talam,TaL AM,,vowel scheme button,
dashboard.color.show_nikkud,Show nikkud,,settings label,
dashboard.color.tts_fast,Fast,,TTS slider scale label,
dashboard.color.tts_slow,Slow,,TTS slider label,
dashboard.color.tts_slower,Slower,,TTS slider scale label,
dashboard.color.tts_speed_label,Hebrew TTS Reading Speed,,settings label,
dashboard.common.beta_badge,BETA,,inline feature badge (repeated),
dashboard.common.opt_both,Both,,radio option,
dashboard.common.opt_english,English,,radio option (display language),
dashboard.common.opt_none,None,,radio option (no headers),
dashboard.common.restore_default,Restore default,,size-reset button title (repeated),
dashboard.datetime.date_format,Date format,,settings label,
dashboard.datetime.eng_date_size,Eng Date size,,size slider label,
dashboard.datetime.fmt_12,12-hr,,radio option,
dashboard.datetime.fmt_24,24-hr,,radio option,
dashboard.datetime.fmt_dmy,DD/MM/YYYY,,radio option,
dashboard.datetime.fmt_long,Long,,radio option,
dashboard.datetime.fmt_mdy,MM/DD/YYYY,,radio option,
dashboard.datetime.heb_date_size,Heb Date size,,size slider label,
dashboard.datetime.hebdate_display,Display,,settings label (Hebrew date),
dashboard.datetime.hide_eng_date,Hide English date,,settings label,
dashboard.datetime.hide_heb_date,Hide Hebrew date,,settings label,
dashboard.datetime.hide_time,Hide time,,settings label,
dashboard.datetime.show_eng_dow,Show day of the week,,settings label,
dashboard.datetime.show_holiday_countdown,Show Countdown to Next Holiday,,settings label,
dashboard.datetime.show_seconds,Show seconds,,settings label,
dashboard.datetime.sub_english_date,English Date,,settings sub-section header,
dashboard.datetime.sub_hebrew_date,Hebrew Date,,settings sub-section header,
dashboard.datetime.sub_time,Time,,settings sub-section header,
dashboard.datetime.time_format,Time format,,settings label,
dashboard.datetime.time_size,Time size,,size slider label,
dashboard.days.col_title,Days of the Week,,live-card column title,RTL / hebDisplay; Hebrew fork אֵיזֶה יוֹם הַיוֹם?
dashboard.days.color_days,Color days of the week,,settings label,
dashboard.days.display_label,Display,,settings label (day of week),
dashboard.days.display_size,Display size,,size slider label,
dashboard.days.dow_friday,Friday,,day-of-week name,
dashboard.days.dow_monday,Monday,,day-of-week name,
dashboard.days.dow_saturday,Saturday,,day-of-week name,
dashboard.days.dow_sunday,Sunday,,day-of-week name,
dashboard.days.dow_thursday,Thursday,,day-of-week name,
dashboard.days.dow_tuesday,Tuesday,,day-of-week name,
dashboard.days.dow_wednesday,Wednesday,,day-of-week name,
dashboard.days.emoji_none,None,,emoji-set button (no emoji),
dashboard.days.emoji_sequence,Emoji sequence,,settings label,
dashboard.days.emoji_size,Emoji size,,size slider label,
dashboard.days.hide_panel,Hide Day of Week panel,,settings label,
dashboard.days.holiday_countdown.one,{count} day until {title},,holiday countdown line,plural; mixed UI+content — do not translate {…}
dashboard.days.holiday_countdown.other,{count} days until {title},,holiday countdown line,plural; mixed UI+content — do not translate {…}
dashboard.days.holiday_today,🎉 Today is {title}!,,holiday countdown line,leading-emoji; mixed UI+content — do not translate {…}
dashboard.days.marker_today,Today,,day marker badge,RTL / hebDisplay; Hebrew fork הַיוֹם
dashboard.days.marker_tomorrow,Tomorrow,,day marker badge,RTL / hebDisplay; Hebrew fork מָחָר יִהְיֶה
dashboard.days.marker_yesterday,Yesterday,,day marker badge,RTL / hebDisplay; Hebrew fork אֶתְמוֹל הָיָה
dashboard.days.omer_day,Day {n} of the Omer,,Omer panel English label,
dashboard.days.omer_day_week,"Day {n} of the Omer · Week {w}, Day {d}",,Omer panel English label,mixed UI+content — do not translate {…}
dashboard.days.omer_shavuot,Chag Sameach — Shavuot,,Omer panel (Shavuot),
dashboard.days.omer_show_english,Show English day/week label,,settings label,
dashboard.days.omer_show_panel,Show Omer panel,,settings label,
dashboard.days.omer_show_progress,Show progress bar,,settings label,
dashboard.days.shabbat_candle,🕯️ Candle lighting: {date} at {time},,Shabbat times line,leading-emoji; mixed UI+content — do not translate {…}
dashboard.days.shabbat_havdalah,✨ Havdalah: {day} at {time},,Shabbat times line,leading-emoji; mixed UI+content — do not translate {…}
dashboard.days.shabbat_location_hint,Uses the same location as the weather widget above.,,settings hint,
dashboard.days.shabbat_unavailable,Shabbat times unavailable,,Shabbat error state,
dashboard.days.show_shabbat,Show Candle Lighting / Havdalah times,,settings label,
dashboard.days.show_today,Show Today marker,,settings label,
dashboard.days.show_tomorrow,Show Tomorrow marker,,settings label,
dashboard.days.show_yesterday,Show Yesterday marker,,settings label,
dashboard.days.tap_to_read,Tap to read,,settings label,
dashboard.days.ytt_size,Y/T/T size,,size slider label,
dashboard.display.column_headers,Column headers,,settings label,
dashboard.display.current_location,📍 Current Location,,location button,leading-emoji
dashboard.display.header_size,Header size,,size slider label,
dashboard.display.hide_zoom_bar,Hide zoom bar,,settings label,
dashboard.display.keep_awake,Keep screen awake,,settings label,
dashboard.display.keep_awake_tip,Prevents the display from dimming or sleeping while the dashboard is open (Screen Wake Lock). Fullscreen keeps the screen awake automatically.,,settings tooltip,
dashboard.display.location_placeholder,"City, e.g. New York",,location input placeholder,
dashboard.display.location_update,Update,,location update button,
dashboard.display.reset_all_text_sizes,↺ Reset all text sizes,,settings button,leading-emoji
dashboard.display.reset_all_text_sizes_confirm,Reset all text sizes to defaults?,,confirm dialog,
dashboard.display.show_text_size_options,Show text size options,,settings label,
dashboard.display.show_video_embed,Show video embed,,settings label,
dashboard.display.wake_dot,Screen will stay awake,,wake-lock indicator (title+aria),
dashboard.display.zoom_label,🔍 Zoom,,zoom bar label,leading-emoji
dashboard.display.zoom_reset,Reset,,zoom bar reset button,
dashboard.font.default_tag,[DEFAULT],,default-font marker,
dashboard.font.section_cursive,Cursive / Script,,font picker section header,
dashboard.font.section_myfonts,My Fonts,,font picker section header,
dashboard.font.section_suffix,{section} Fonts,,font picker section header,mixed UI+content — do not translate {…}
dashboard.fs.controls_aria,Fullscreen controls,,fullscreen strip toolbar aria,aria-label only
dashboard.fs.strip_pick,Pick,,fullscreen strip button,
dashboard.fs.strip_settings,Settings,,fullscreen strip button,
dashboard.fs.strip_text,Text,,fullscreen strip button,
dashboard.fs.strip_timer,Timer,,fullscreen strip button,
dashboard.fs.strip_video,Video,,fullscreen strip button,
dashboard.glyphname.chirik,Chirik,,vowel color-picker row label,glyph-name
dashboard.glyphname.hataf_kamatz,H. Kamatz,,vowel color-picker row label,glyph-name
dashboard.glyphname.hataf_patach,H. Patach,,vowel color-picker row label,glyph-name
dashboard.glyphname.hataf_segol,H. Segol,,vowel color-picker row label,glyph-name
dashboard.glyphname.holam,Holam,,vowel color-picker row label,glyph-name
dashboard.glyphname.kamatz,Kamatz,,vowel color-picker row label,glyph-name
dashboard.glyphname.kubutz,Kubutz,,vowel color-picker row label,glyph-name
dashboard.glyphname.patach,Patach,,vowel color-picker row label,glyph-name
dashboard.glyphname.segol,Segol,,vowel color-picker row label,glyph-name
dashboard.glyphname.shuruk,Shuruk,,vowel color-picker row label,glyph-name
dashboard.glyphname.shva,Shva,,vowel color-picker row label,glyph-name
dashboard.glyphname.tzere,Tzere,,vowel color-picker row label,glyph-name
dashboard.glyphname.vav_holam,Vav Holam,,vowel color-picker row label,glyph-name
dashboard.groups.close,Close,,group result close button,
dashboard.groups.group_title,Group {n},,group card title,RTL / hebDisplay; Hebrew fork קְבוּצָה {n}
dashboard.groups.reshuffle,🔀 Reshuffle,,group result button,leading-emoji
dashboard.header.home,Home,,header nav button,
dashboard.header.settings_btn,Settings,,header icon button title,
dashboard.header.subtitle,"Live Hebrew date, time, weather, and days of the week for SmartBoards — a free Hebrew teaching dashboard.",,page header subtitle,
dashboard.header.title,Hebrew Classroom Dashboard,,page header h1,
dashboard.header.tour_btn,Tour,,header button label,
dashboard.header.tour_btn_title,Take a quick tour,,header button title,
dashboard.picker.all_absent,Everyone is marked absent today.,,pick overlay message,
dashboard.picker.chip_absent,Absent today — tap to include,,chip tooltip (absent),
dashboard.picker.chip_present,Tap to mark absent for this session,,chip tooltip (present),
dashboard.picker.class_cap_note,You can have up to {max} classes. Delete one to add another.,,inline note,
dashboard.picker.class_label,Class,,settings label,
dashboard.picker.class_option,{name} ({count}),,class-switcher option,mixed UI+content — do not translate {…}
dashboard.picker.close,Close,,pick overlay close button,
dashboard.picker.close_aria,Close,,projector overlay close aria,aria-label only
dashboard.picker.col_title,Student Picker,,live-card column title,RTL / hebDisplay; Hebrew fork מִי הַתּוֹר?
dashboard.picker.default_class_name,My class,,default class name,
dashboard.picker.delete_class_confirm,"Delete class ""{name}""? Its roster and today's picks will be removed.",,confirm dialog,mixed UI+content — do not translate {…}
dashboard.picker.delete_class_title,Delete class,,icon button title,
dashboard.picker.empty_card,"Add students to this class in Settings → Student Picker, or pick a different class from the header.",,empty state (sidebar card),
dashboard.picker.empty_groups,Add a class roster in Settings → Student Picker.,,groups overlay empty state,
dashboard.picker.empty_pick,Add students to this class in Settings → Student Picker.,,pick overlay empty state,
dashboard.picker.fair_cycle,Don't repeat until everyone's been picked,,settings label,
dashboard.picker.fs_hide,Hide,,fullscreen pick pop button,
dashboard.picker.fs_make_groups,👥 Make Groups,,fullscreen pick pop button,leading-emoji
dashboard.picker.fs_pick_one,🎲 Pick One,,fullscreen pick pop button,leading-emoji
dashboard.picker.group_count_label,Number of groups (N),,settings label (count mode),
dashboard.picker.group_mode,Group Maker mode,,settings label,
dashboard.picker.group_of_n,Groups of N,,radio option,
dashboard.picker.group_size_label,Group size (N),,settings label (size mode),
dashboard.picker.make_groups,👥 Make Groups,,sidebar picker button,leading-emoji
dashboard.picker.n_groups,N groups,,radio option,
dashboard.picker.new_class_prompt,New class name:,,prompt,
dashboard.picker.new_class_title,New class,,icon button title,
dashboard.picker.new_round,🔄 New round,,fair-cycle reset button + pick note,leading-emoji
dashboard.picker.overlay_aria,Student picker,,projector overlay aria,aria-label only
dashboard.picker.pick_again,🎲 Pick Again,,pick result button,leading-emoji
dashboard.picker.pick_one,🎲 Pick One,,sidebar picker button,leading-emoji
dashboard.picker.progress,Picked {done} / {total},,fair-cycle progress,
dashboard.picker.rename_class_prompt,Rename class:,,prompt,
dashboard.picker.rename_class_title,Rename class,,icon button title,
dashboard.picker.roster_count.one,{count} name,,roster name count,plural
dashboard.picker.roster_count.other,{count} names,,roster name count,plural
dashboard.picker.roster_count_max_suffix,(max {max}),,appended to roster count at cap,
dashboard.picker.roster_hint,"Presets and Schedule Sync remember which class is active — rosters themselves are shared, so editing a list updates it everywhere.",,settings hint,
dashboard.picker.roster_label,Roster — one name per line,,settings label (default),
dashboard.picker.roster_label_named,Roster for {name} — one name per line,,settings label (active class),mixed UI+content — do not translate {…}
dashboard.picker.roster_placeholder,e.g. Ava\nNoah\nדָּוִד\nמַיָה,,roster textarea placeholder,contains \n; mixed UI+content — do not translate {…}
dashboard.picker.show_fullscreen,Show in fullscreen mode,,settings label,
dashboard.picker.show_panel,Show Student Picker panel,,settings label,
dashboard.picker.switch_class,Switch class,,class switcher (title+aria),
dashboard.preset.delete_confirm,"Delete preset ""{name}""?",,confirm dialog,mixed UI+content — do not translate {…}
dashboard.preset.delete_title,Delete,,preset row button title,
dashboard.preset.duplicate_title,Duplicate,,preset row button title,
dashboard.preset.load,Load,,preset row button,
dashboard.preset.name_placeholder,Preset name,,preset name input placeholder,
dashboard.preset.overwrite_confirm,"Overwrite preset ""{name}"" with current settings?",,confirm dialog,mixed UI+content — do not translate {…}
dashboard.preset.overwrite_title,Overwrite with current settings,,preset row button title,
dashboard.preset.quickstart_button,✨ Quick-start layouts…,,presets panel button,leading-emoji
dashboard.preset.quickstart_desc,Apply a ready-made setup — including a general-classroom layout — then tweak it and Save it as your own preset.,,presets panel prose,
dashboard.preset.save,Save,,preset save button,
dashboard.preset.save_empty,Please enter a preset name.,,alert,
dashboard.schedule.add,+ Add,,settings button,leading-emoji
dashboard.schedule.countdown_next_generic,Next class in {time},,countdown line,
dashboard.schedule.countdown_next_named,Next: {preset} in {time},,countdown line,mixed UI+content — do not translate {…}
dashboard.schedule.delete_confirm,"Delete schedule ""{name}""?",,confirm dialog,mixed UI+content — do not translate {…}
dashboard.schedule.drag_reorder,Drag to reorder,,drag handle title,
dashboard.schedule.enable,Enable Schedule Sync,,settings label,
dashboard.schedule.explain,"Each row shows a chosen preset until a set time — as the day moves on, the dashboard reconfigures itself to the next preset automatically, and the countdown shows how long is left in the current block.",,settings prose,
dashboard.schedule.explain_eg,e.g. Morning until 8:45 → Ivrit until 9:30 → Recess until 9:45,,settings prose example,mixed UI+content — do not translate {…}
dashboard.schedule.hdr_preset,Preset,,schedule table column header,
dashboard.schedule.hdr_until,Until,,schedule table column header,
dashboard.schedule.move_down,Move down,,schedule row button title,
dashboard.schedule.move_down_aria,Move row {n} down,,schedule row button aria,aria-label only
dashboard.schedule.move_up,Move up,,schedule row button title,
dashboard.schedule.move_up_aria,Move row {n} up,,schedule row button aria,aria-label only
dashboard.schedule.name_prompt,Schedule name:,,prompt,
dashboard.schedule.next_at,at {time},,next block value,
dashboard.schedule.next_label,Next,,now/next block label,
dashboard.schedule.no_entries,No entries yet — click + Add.,,empty state,
dashboard.schedule.now_label,Now,,now/next block label,
dashboard.schedule.nownext_tip,Shows the current period and the upcoming one (with preset names) in the center of the dashboard.,,settings tooltip,
dashboard.schedule.overwrite_confirm,"Overwrite schedule ""{name}"" with the current schedule?",,confirm dialog,mixed UI+content — do not translate {…}
dashboard.schedule.overwrite_title,Overwrite with current schedule,,saved schedule row button title,
dashboard.schedule.preview_hint,Add periods (a preset + an end time) to preview your day.,,settings preview empty state,
dashboard.schedule.remove,Remove,,schedule row button title,
dashboard.schedule.save_as,Save Schedule As…,,settings button,
dashboard.schedule.save_empty,Add at least one schedule entry first.,,alert,
dashboard.schedule.sched_delete_title,Delete,,saved schedule row button title,
dashboard.schedule.sched_duplicate_title,Duplicate,,saved schedule row button title,
dashboard.schedule.sched_load,Load,,saved schedule row button,
dashboard.schedule.show_countdown,Show countdown to next class,,settings label,
dashboard.schedule.show_nownext,Show Now / Next on dashboard,,settings label,
dashboard.schedule.show_preset_name,Show preset name,,settings label,
dashboard.schedule.sort_by_time,Sort by time,,validation button,
dashboard.schedule.sub_input,Schedule Input,,settings sub-section header,
dashboard.schedule.sub_load,Load Schedule,,settings sub-section header,
dashboard.schedule.sub_options,Schedule Sync Options,,settings sub-section header,
dashboard.schedule.suffix_tomorrow,(tomorrow),,countdown/now-next suffix,
dashboard.schedule.time_left,{time} left,,now block value,
dashboard.schedule.until_label,until,,schedule row inline label,
dashboard.schedule.warn_duplicate_time,⚠ Two rows end at the same time ({time}).,,validation warning,leading-emoji
dashboard.schedule.warn_missing_until,⚠ A row is missing an “until” time.,,validation warning,leading-emoji
dashboard.schedule.warn_out_of_order,⚠ Rows are out of time order. ,,validation warning,leading-emoji
dashboard.schedule.warn_unknown_preset,⚠ Preset “{name}” doesn't exist — create it in Presets.,,validation warning,leading-emoji; mixed UI+content — do not translate {…}
dashboard.settings.close_aria,Close settings,,settings drawer close aria,aria-label only
dashboard.settings.close_title,Close,,settings drawer close title,
dashboard.settings.collapse_all,Collapse all menus,,settings drawer button,
dashboard.settings.expand_all,Expand all menus,,settings drawer button,
dashboard.settings.header,⚙️  Dashboard Settings,,settings drawer header,leading-emoji
dashboard.settings.panel_about,About & FAQ,,panel title,
dashboard.settings.panel_dashtext,Dashboard Text,,panel title,
dashboard.settings.panel_datetime,Date & Time,,panel title,
dashboard.settings.panel_display,Display Options,,panel title,
dashboard.settings.panel_dow,Day of Week,,panel title,
dashboard.settings.panel_hebrew,Hebrew Settings,,panel title,
dashboard.settings.panel_location,Location,,panel title,
dashboard.settings.panel_omer,Omer,,panel title,
dashboard.settings.panel_picker,Student Picker,,panel title,
dashboard.settings.panel_presets,Presets,,panel title,
dashboard.settings.panel_schedule,Schedule Sync,,panel title,
dashboard.settings.panel_timer,Timer,,panel title,
dashboard.settings.panel_weather,Weather,,panel title,
dashboard.settings.sub_hebrew_font,Hebrew Font,,settings sub-section header,
dashboard.setup.close_aria,Close,,first-run setup close aria,aria-label only
dashboard.setup.skip,Skip — use New York for now,,first-run setup link,
dashboard.setup.starter_general_desc,"Secular layout — English date, big clock, weather, timer. No Hebrew calendar.",,starter layout description,
dashboard.setup.starter_general_label,General classroom,,starter layout label,
dashboard.setup.starter_hebrew_desc,"Everything on — Hebrew headers & date, Shabbat, Omer, holidays, weather.",,starter layout description,
dashboard.setup.starter_hebrew_label,Hebrew classroom,,starter layout label,
dashboard.setup.starter_morning_desc,"Days, both dates, a big clock, weather and a timer — minimal chrome.",,starter layout description,
dashboard.setup.starter_morning_label,Morning routine,,starter layout label,
dashboard.setup.subtitle,"Set your location for accurate weather and Shabbat times, then pick a starting layout. You can change anything later in Settings.",,first-run setup prose,
dashboard.setup.title,Welcome! Let's set up your dashboard,,first-run setup modal title,
dashboard.text.align_center,Center,,editor toolbar button title,
dashboard.text.align_left,Align left (LTR),,editor toolbar button title,
dashboard.text.align_right,Align right (RTL),,editor toolbar button title,
dashboard.text.bold,Bold,,editor toolbar button title,
dashboard.text.display_size,Display size,,size slider label (dashboard text),
dashboard.text.done_btn,✓ Done,,in-place toolbar button,leading-emoji
dashboard.text.done_btn_title,Finish editing,,in-place toolbar button title,
dashboard.text.edit_pencil_aria,Edit dashboard text,,edit pencil aria,aria-label only
dashboard.text.edit_pencil_title,Edit text,,edit pencil title,
dashboard.text.hide,Hide dashboard text,,settings label,
dashboard.text.insert_link,Insert link (or remove if cursor is inside one),,editor toolbar button title,
dashboard.text.italic,Italic,,editor toolbar button title,
dashboard.text.link_prompt,Enter URL:,,prompt,
dashboard.text.size_large,Large,,editor size option,
dashboard.text.size_normal,Normal,,editor size option,
dashboard.text.size_small,Small,,editor size option,
dashboard.text.size_title,Size,,editor toolbar size select title,
dashboard.text.size_xl,XL,,editor size option,
dashboard.text.size_xxl,XXL,,editor size option,
dashboard.text.spoiler,Spoiler,,editor toolbar button,
dashboard.text.spoiler_title,Wrap selection in spoiler (hidden until tapped),,editor toolbar button title,
dashboard.text.strikethrough,Strikethrough,,editor toolbar button title,
dashboard.text.sub_font,Text Font,,settings sub-section header,
dashboard.text.text_color,Text color,,editor toolbar color picker title,
dashboard.text.underline,Underline,,editor toolbar button title,
dashboard.timer.col_title,Timer,,live-card column title,RTL / hebDisplay; Hebrew fork כַּמָה זְמַן נִשְׁאַר?
dashboard.timer.custom,Custom,,timer custom button,
dashboard.timer.custom_invalid,Enter a duration as MM:SS (e.g. 2:30).,,alert,
dashboard.timer.custom_placeholder,MM:SS,,timer custom input placeholder,
dashboard.timer.done,Time!,,timer finished display,
dashboard.timer.fs_10min,10 min,,fullscreen timer pop button,
dashboard.timer.fs_1min,1 min,,fullscreen timer pop button,
dashboard.timer.fs_3min,3 min,,fullscreen timer pop button,
dashboard.timer.fs_5min,5 min,,fullscreen timer pop button,
dashboard.timer.fs_hide,Hide,,fullscreen timer pop button,
dashboard.timer.pause,⏸ Pause,,timer control button,leading-emoji
dashboard.timer.preset_10min,10 min,,timer preset button,
dashboard.timer.preset_1min,1 min,,timer preset button,
dashboard.timer.preset_3min,3 min,,timer preset button,
dashboard.timer.preset_5min,5 min,,timer preset button,
dashboard.timer.reset,↺ Reset,,timer control button,leading-emoji
dashboard.timer.set,Set,,timer custom set button,
dashboard.timer.show_fullscreen,Show timer in fullscreen mode,,settings label,
dashboard.timer.show_panel,Show Timer panel,,settings label,
dashboard.timer.start,▶ Start,,timer control button,leading-emoji
dashboard.tour.firstrun_link,Take a tour →,,First-run setup-card tour link,first-run affordance
dashboard.tour.launch_label,Tour,,Header tour-launch button label (❓ icon separate),"header button, short"
dashboard.tour.launch_title,Take a quick tour,,Header tour-launch button title,tooltip
dashboard.tour.step1_body,"Yesterday, today and tomorrow in Hebrew — plus Shabbat times and the Omer count when they apply.",,tour step body,
dashboard.tour.step1_title,Days of the week,,tour step title,
dashboard.tour.step2_body,"Today's English and Hebrew dates, the live clock, an optional holiday countdown — and, with Schedule Sync, a Now / Next line.",,tour step body,
dashboard.tour.step2_title,"Date, Hebrew date & time",,tour step title,
dashboard.tour.step3_body,"Local weather for your set location, refreshed automatically all day.",,tour step body,
dashboard.tour.step3_title,Live weather,,tour step title,
dashboard.tour.step4_body,"Go fullscreen — it scales everything up, keeps the screen awake, and shows quick controls when you move the mouse.",,tour step body,
dashboard.tour.step4_title,Project to your SmartBoard,,tour step title,
dashboard.tour.step5_body,"Everything is customizable here — location, panels, fonts, nikkud colors, and a classroom timer.",,tour step body,
dashboard.tour.step5_title,Settings,,tour step title,
dashboard.tour.step6_body,One-tap starter setups — including a general-classroom layout — and save your own presets.,,tour step body,
dashboard.tour.step6_title,Quick-start layouts,,tour step title,
dashboard.tour.step7_body,"Load your daily schedule and the dashboard switches presets by itself, period by period.",,tour step body,
dashboard.tour.step7_title,Schedule Sync,,tour step title,
dashboard.video.header,Video,,video panel header + collapse header,RTL / hebDisplay; Hebrew fork וִידֵאוֹ
dashboard.video.layout_below,Under dashboard,,radio option,
dashboard.video.layout_sidebar,In sidebar,,radio option,
dashboard.video.update_button,Update Video,,settings button,
dashboard.video.url_placeholder,Paste YouTube URL…,,video url input placeholder,
dashboard.weather.city_current,Current Location,,geolocation fallback city name,
dashboard.weather.col_title,Weather,,live-card column title,RTL / hebDisplay; Hebrew fork מַה יֵש בַּחוּץ?
dashboard.weather.desc_size,Description size,,size slider label,
dashboard.weather.descriptor_cold,Cold,,weather temp descriptor,
dashboard.weather.descriptor_hot,Hot,,weather temp descriptor,
dashboard.weather.descriptor_pleasant,Pleasant,,weather temp descriptor,
dashboard.weather.geo_error,Could not get location: {message},,alert,mixed UI+content — do not translate {…}
dashboard.weather.geo_unsupported,Geolocation is not supported by this browser.,,alert,
dashboard.weather.hide_desc,Hide weather description,,settings label,
dashboard.weather.hide_emoji,Hide weather emoji,,settings label,
dashboard.weather.hide_highlow,Hide High/Low,,settings label,
dashboard.weather.hide_panel,Hide weather panel,,settings label,
dashboard.weather.hide_temperature,Hide temperature,,settings label,
dashboard.weather.highlow,H: {high} · L: {low},,weather high/low line,
dashboard.weather.hl_size,H/L size,,size slider label,
dashboard.weather.label_language,Label language,,settings label,
dashboard.weather.label_size,Label size,,size slider label,
dashboard.weather.loading,Loading weather…,,weather loading state,
dashboard.weather.not_found,"Location ""{location}"" not found.",,weather error state,mixed UI+content — do not translate {…}
dashboard.weather.refresh,↺ Refresh,,weather refresh button,leading-emoji
dashboard.weather.refresh_title,Refresh weather,,weather refresh button title,
dashboard.weather.simple_clouds,Clouds,,simple weather description,
dashboard.weather.simple_desc,Simple weather description,,settings label,
dashboard.weather.simple_desc_tip,"Limits description to: Sun, Clouds, Sun & Clouds, Rain, Snow, or Fog — instead of full WMO detail.",,settings tooltip,
dashboard.weather.simple_fog,Fog,,simple weather description,
dashboard.weather.simple_rain,Rain,,simple weather description,
dashboard.weather.simple_snow,Snow,,simple weather description,
dashboard.weather.simple_sun,Sun,,simple weather description,
dashboard.weather.simple_sun_clouds,Sun and Clouds,,simple weather description,
dashboard.weather.simple_sun_clouds_rain,"Sun, Clouds and Rain",,simple weather description,
dashboard.weather.tap_to_read,Tap to read,,settings label,
dashboard.weather.temp_size,Temp size,,size slider label,
dashboard.weather.temp_unit,Temperature unit,,settings label,
dashboard.weather.unavailable,Weather unavailable,,weather error state,
dashboard.weather.unit_c,°C,,radio option,
dashboard.weather.unit_f,°F,,radio option,
dashboard.weather.wmo_clear,Clear,,weather description,
dashboard.weather.wmo_drizzle,Drizzle,,weather description,
dashboard.weather.wmo_fallback,Weather,,weather description fallback,
dashboard.weather.wmo_fog,Fog,,weather description,
dashboard.weather.wmo_heavy_rain,Heavy Rain,,weather description,
dashboard.weather.wmo_heavy_showers,Heavy Showers,,weather description,
dashboard.weather.wmo_heavy_snow,Heavy Snow,,weather description,
dashboard.weather.wmo_heavy_thunderstorm,Heavy Thunderstorm,,weather description,
dashboard.weather.wmo_overcast,Overcast,,weather description,
dashboard.weather.wmo_partly_cloudy,Partly Cloudy,,weather description,
dashboard.weather.wmo_rain,Rain,,weather description,
dashboard.weather.wmo_showers,Showers,,weather description,
dashboard.weather.wmo_snow,Snow,,weather description,
dashboard.weather.wmo_snow_grains,Snow Grains,,weather description,
dashboard.weather.wmo_snow_showers,Snow Showers,,weather description,
dashboard.weather.wmo_thunderstorm,Thunderstorm,,weather description,
dictionary.advanced.color_enable,Enable color coding,,color coding checkbox,
dictionary.advanced.color_head,Color Code Nikkud,,advanced section title,
dictionary.advanced.color_mode_highlight,Highlight,,color mode button,
dictionary.advanced.color_mode_letter,Letter,,color mode button,
dictionary.advanced.color_mode_underline,Underline,,color mode button,
dictionary.advanced.color_reset,↺ Reset to defaults,,color reset button,leading-emoji
dictionary.advanced.font_head,Hebrew Font,,advanced section title,
dictionary.advanced.font_size,Size,,font size row label,
dictionary.advanced.font_size_reset_title,Reset to default,,font size reset button title,aria-label only
dictionary.advanced.panel_title,Advanced,,filter panel title,
dictionary.audio.head,Audio,,advanced section title,
dictionary.audio.show_button,Show pronunciation button,,audio checkbox,
dictionary.audio.tts_fast,Fast,,tts rate scale label,
dictionary.audio.tts_slow,Slow,,tts rate slider min label,
dictionary.audio.tts_slower,Slower,,tts rate scale label,
dictionary.audio.tts_speed_label,Hebrew TTS Reading Speed,,tts rate label,
dictionary.card.aria_view_details,View details for {word},,word card aria-label,aria-label only; mixed UI+content — do not translate {…}
dictionary.card.copy_hebrew_title,Copy Hebrew,,word card copy button title/aria,aria-label only
dictionary.card.google_title,Look up on Google,,word card search link title/aria,aria-label only
dictionary.card.hear_title,Hear pronunciation,,word card speak button title/aria,aria-label only
dictionary.chips.any_letters,Any: {letters},,active filter chip,mixed UI+content — do not translate {…}
dictionary.chips.any_only_suffix,(only),,active filter chip suffix,
dictionary.chips.body_aria,{label} — show filter,,filter chip body aria-label,aria-label only
dictionary.chips.categories,Categories: {count}/{total},,active filter chip (emoji),
dictionary.chips.emoji_fem_only,♀ Fem only,,active filter chip (emoji),leading-emoji
dictionary.chips.emoji_masc_only,♂ Masc only,,active filter chip (emoji),leading-emoji
dictionary.chips.era_biblical_only,Era: Biblical only,,active filter chip,
dictionary.chips.era_modern_only,Era: Modern only,,active filter chip,
dictionary.chips.era_none,Era: none,,active filter chip,
dictionary.chips.gematria,Gematria {op} {value},,active filter chip,
dictionary.chips.hiding_vowelless,Hiding vowelless,,active filter chip,
dictionary.chips.length,Length: {count}/{total},,active filter chip,
dictionary.chips.pos,POS: {count}/{total},,active filter chip,
dictionary.chips.position_letters,{ordinal} letter: {letters},,active filter chip,mixed UI+content — do not translate {…}
dictionary.chips.remove_aria,Remove {label} filter,,filter chip remove aria-label,aria-label only
dictionary.chips.reset_all,Reset all ✕,,reset-all chip,leading-emoji
dictionary.chips.reset_all_aria,Reset all filters,,reset-all chip aria-label,aria-label only
dictionary.chips.search,"Search: ""{query}""",,active filter chip,mixed UI+content — do not translate {…}
dictionary.chips.vowels,Vowels: {count}/{total},,active filter chip,
dictionary.copy.allinfo_tip,"Copies: Hebrew word — transliteration — translation — part of speech — era. Gematria value is appended if ""Show Gematria Value"" is enabled.",,all-info tooltip,
dictionary.copy.allinfo_worksheet_tip,Select this option when using Bulk Copy to generate a manual input list for the Worksheet Generator.,,all-info gold tooltip,
dictionary.copy.bulk_clear,Clear,,bulk clear button,
dictionary.copy.bulk_count,{count} selected,,bulk selection count,
dictionary.copy.bulk_hint,"While Bulk Copy is on, clicking a card selects it (instead of opening its details).",,bulk copy hint,
dictionary.copy.bulk_mode,Bulk Copy Mode,,bulk copy checkbox,
dictionary.copy.bulk_mode_title,Select multiple words from the results. Each selected word is added to a text box below — one per line — in whatever Copy Mode is active.,,bulk copy checkbox title,aria-label only
dictionary.copy.copied_flash,✓ Copied!,,copy button flash (word modal / share link),leading-emoji
dictionary.copy.copied_toast,Copied to clipboard,,copy announce,toast
dictionary.copy.copy_all,Copy All,,bulk copy-all button,
dictionary.copy.link_copied_toast,Link copied to clipboard,,share-link announce,toast
dictionary.copy.mode_allinfo,All info,,copy mode radio,
dictionary.copy.mode_defonly,Definition,,copy mode radio,
dictionary.copy.mode_label,Copy Mode,,copy mode subheading,
dictionary.copy.mode_tip,Changes the format used when clicking the copy button on a word card.,,copy mode tooltip,
dictionary.copy.mode_transdef,Word — Transliteration — Definition,,copy mode radio,
dictionary.copy.mode_word,Word,,copy mode radio,
dictionary.copy.mode_word_def,Word — Definition,,copy mode radio,
dictionary.copy.opts_head,Copy Options,,advanced section title,
dictionary.copy.select_all_matching,Select all matching,,bulk select-all button,
dictionary.copy.select_page,Select page,,bulk select-page button,
dictionary.empty.clear_search,Clear search,,empty state button,
dictionary.empty.no_emojis_match,No emojis match these filters,,empty state,empty state
dictionary.empty.no_words_match,No words match these filters,,empty state,empty state
dictionary.empty.reset_all,Reset all filters,,empty state button,
dictionary.export.anki_button,⬇ Export for Anki,,export button,leading-emoji
dictionary.export.count.one,{count} word selected for export.,,export count,plural
dictionary.export.count.other,{count} words selected for export.,,export count,plural
dictionary.export.err_select_first,Select words using Bulk Copy Mode first.,,export error / word-list error,
dictionary.export.head,Export Selected Words,,export subheading,
dictionary.export.hint,Active when Bulk Copy Mode is on and at least one word is selected.,,export hint,
dictionary.export.instructions,Anki: import via File → Import. Quizlet: use Import from Word/Excel on the study set creation page.,,export instructions,
dictionary.export.quizlet_button,⬇ Export for Quizlet,,export button,leading-emoji
dictionary.faq.a_era,"Yes. Filter by era — biblical, mishnaic, medieval, and modern Hebrew.",,footer FAQ answer,
dictionary.faq.a_free,Yes. Free under CC BY-NC-SA 4.0; word data sourced from Kaikki.org.,,footer FAQ answer,
dictionary.faq.a_lookup,"Type the Hebrew word (with or without nikkud), or use filters to browse by length, part of speech, era, or letter position.",,footer FAQ answer,
dictionary.faq.a_pos,"Yes. Filter by noun, verb, adjective, adverb, and others, combined with length and era filters.",,footer FAQ answer,
dictionary.faq.a_share,Yes. Click 🔗 Copy link in the results toolbar to copy a link that reopens this exact filtered view — send it to your class. Your last-used filters also come back automatically on your next visit. New here? Click ❓ Tour in the header for a quick 7-step walkthrough.,,footer FAQ answer,html; leading-emoji
dictionary.faq.q_era,Modern and biblical Hebrew?,,footer FAQ question,
dictionary.faq.q_free,Is it free?,,footer FAQ question,
dictionary.faq.q_lookup,How do I look up a Hebrew word?,,footer FAQ question,
dictionary.faq.q_pos,Can I filter by part of speech?,,footer FAQ question,
dictionary.faq.q_share,Can I share or save my filters?,,footer FAQ question,
dictionary.faq.summary,Frequently Asked Questions,,footer FAQ summary,
dictionary.filters.all_words,All Words,,word-length checkbox,
dictionary.filters.any_letters_head,Any of these letters,,any-letter section header,
dictionary.filters.any_no_others,No other letters?,,any-letter checkbox,
dictionary.filters.dagesh_tav,Dagesh Tav / Sav,,letter filter toggle,
dictionary.filters.emoji_all,All,,emoji category select-all,
dictionary.filters.emoji_gender_all,All,,emoji gender button,
dictionary.filters.emoji_gender_fem,♀ Fem,,emoji gender button,leading-emoji
dictionary.filters.emoji_gender_masc,♂ Masc,,emoji gender button,leading-emoji
dictionary.filters.emoji_none,None,,emoji category select-none,
dictionary.filters.era_biblical,Biblical,,era checkbox,
dictionary.filters.era_head,Era,,era subheading,
dictionary.filters.era_modern,Modern,,era checkbox,
dictionary.filters.hide_no_vowels,Hide words with no vowels,,vowel filter checkbox,
dictionary.filters.len_2,2-Letter,,word-length checkbox,
dictionary.filters.len_3,3-Letter,,word-length checkbox,
dictionary.filters.len_4,4-Letter,,word-length checkbox,
dictionary.filters.len_5,5-Letter,,word-length checkbox,
dictionary.filters.len_6,6-Letter,,word-length checkbox,
dictionary.filters.len_7,7-Letter,,word-length checkbox,
dictionary.filters.len_8plus,8+ Letter,,word-length checkbox,
dictionary.filters.len_prefix,Prefixes/Suffixes,,word-length checkbox,
dictionary.filters.length_panel_title,Word Length,,filter panel title,
dictionary.filters.letter_panel_title,Filter by Letter,,filter panel title,
dictionary.filters.mobile_button,⚙ Filters,,mobile filters button,leading-emoji
dictionary.filters.mode_emojis,Emojis,,mode switcher button,
dictionary.filters.mode_shoresh,Shoresh,,mode switcher button,
dictionary.filters.mode_words,Words,,mode switcher button,
dictionary.filters.pos_all,All,,POS select-all button,
dictionary.filters.pos_clear_title,Clear,,letter-position clear button title,aria-label only
dictionary.filters.pos_letter_heading,{ordinal} Letter,,letter-position section header,
dictionary.filters.pos_none,None,,POS select-none button,
dictionary.filters.pos_panel_title,Part of Speech,,filter panel title,
dictionary.filters.vowel_note,Show only words whose vowels are all in the selected set.,,vowel filter note,
dictionary.filters.vowel_panel_title,Filter by Vowel,,filter panel title,
dictionary.gematria.enable_sort,Enable Sort By Gematria Value,,gematria sort checkbox,
dictionary.gematria.enable_sort_tip,"Adds Gematria ↑ and Gematria ↓ options to the Sort menu, letting you order words by their total Gematria value.",,gematria sort tooltip,
dictionary.gematria.filter_exact,Exact value,,gematria filter option,
dictionary.gematria.filter_gte,Equal to / above (≥),,gematria filter option,
dictionary.gematria.filter_head,Filter by Gematria,,gematria filter subheading,
dictionary.gematria.filter_lte,Equal to / below (≤),,gematria filter option,
dictionary.gematria.filter_none,No filter,,gematria filter option,
dictionary.gematria.filter_range,Range,,gematria filter option,
dictionary.gematria.opts_head,Gematria Options,,advanced section title,
dictionary.gematria.show_value,Show Gematria Value,,gematria checkbox,
dictionary.gematria.sort_asc,Gematria ↑,,sort option (injected),leading-emoji
dictionary.gematria.sort_desc,Gematria ↓,,sort option (injected),leading-emoji
dictionary.gematria.val1_placeholder,Value,,gematria value input placeholder,placeholder
dictionary.gematria.val2_placeholder,To,,gematria range-to input placeholder,placeholder
dictionary.glyphname.letter_alef,Alef,,letter filter tile label,glyph-name
dictionary.glyphname.letter_ayin,Ayin,,letter filter tile label,glyph-name
dictionary.glyphname.letter_bet,Bet,,letter filter tile label,glyph-name
dictionary.glyphname.letter_chet,Chet,,letter filter tile label,glyph-name
dictionary.glyphname.letter_dalet,Dalet,,letter filter tile label,glyph-name
dictionary.glyphname.letter_fe,Fe,,letter filter tile label,glyph-name
dictionary.glyphname.letter_fe_sf,Fe sf,,letter filter tile label,glyph-name
dictionary.glyphname.letter_gimel,Gimel,,letter filter tile label,glyph-name
dictionary.glyphname.letter_heh,Heh,,letter filter tile label,glyph-name
dictionary.glyphname.letter_kaf,Kaf,,letter filter tile label,glyph-name
dictionary.glyphname.letter_khaf,Khaf,,letter filter tile label,glyph-name
dictionary.glyphname.letter_khaf_sf,Khaf sf,,letter filter tile label,glyph-name
dictionary.glyphname.letter_kuf,Kuf,,letter filter tile label,glyph-name
dictionary.glyphname.letter_lamed,Lamed,,letter filter tile label,glyph-name
dictionary.glyphname.letter_mem,Mem,,letter filter tile label,glyph-name
dictionary.glyphname.letter_mem_sf,Mem sf,,letter filter tile label,glyph-name
dictionary.glyphname.letter_nun,Nun,,letter filter tile label,glyph-name
dictionary.glyphname.letter_nun_sf,Nun sf,,letter filter tile label,glyph-name
dictionary.glyphname.letter_pe,Pe,,letter filter tile label,glyph-name
dictionary.glyphname.letter_resh,Resh,,letter filter tile label,glyph-name
dictionary.glyphname.letter_samech,Samech,,letter filter tile label,glyph-name
dictionary.glyphname.letter_sav,Sav,,letter filter tile label,glyph-name
dictionary.glyphname.letter_shin,Shin,,letter filter tile label,glyph-name
dictionary.glyphname.letter_shin_sin,Shin/Sin,,letter filter tile label,glyph-name
dictionary.glyphname.letter_sin,Sin,,letter filter tile label,glyph-name
dictionary.glyphname.letter_tav,Tav,,letter filter tile label,glyph-name
dictionary.glyphname.letter_tet,Tet,,letter filter tile label,glyph-name
dictionary.glyphname.letter_tzadi,Tzadi,,letter filter tile label,glyph-name
dictionary.glyphname.letter_tzadi_sf,Tzadi sf,,letter filter tile label,glyph-name
dictionary.glyphname.letter_vav,Vav,,letter filter tile label,glyph-name
dictionary.glyphname.letter_vet,Vet,,letter filter tile label,glyph-name
dictionary.glyphname.letter_yod,Yod,,letter filter tile label,glyph-name
dictionary.glyphname.letter_zayin,Zayin,,letter filter tile label,glyph-name
dictionary.glyphname.vowel_chirik,Chirik,,vowel filter/color-picker label,glyph-name
dictionary.glyphname.vowel_hataf_kamatz,Hataf Kamatz,,vowel filter/color-picker label,glyph-name
dictionary.glyphname.vowel_hataf_patach,Hataf Patach,,vowel filter/color-picker label,glyph-name
dictionary.glyphname.vowel_hataf_segol,Hataf Segol,,vowel filter/color-picker label,glyph-name
dictionary.glyphname.vowel_holam,Holam,,vowel filter/color-picker label,glyph-name
dictionary.glyphname.vowel_kamatz,Kamatz,,vowel filter/color-picker label,glyph-name
dictionary.glyphname.vowel_kubutz,Kubutz,,vowel filter/color-picker label,glyph-name
dictionary.glyphname.vowel_patach,Patach,,vowel filter/color-picker label,glyph-name
dictionary.glyphname.vowel_segol,Segol,,vowel filter/color-picker label,glyph-name
dictionary.glyphname.vowel_shuruk,Shuruk,,vowel filter/color-picker label,glyph-name
dictionary.glyphname.vowel_shva,Shva,,vowel filter/color-picker label,glyph-name
dictionary.glyphname.vowel_tzere,Tzere,,vowel filter/color-picker label,glyph-name
dictionary.glyphname.vowel_vav_holam,Vav Holam,,vowel filter/color-picker label,glyph-name
dictionary.header.h1,Hebrew Word Lookup & Dictionary,,page H1 heading,
dictionary.header.home,← Home,,header home link,leading-emoji
dictionary.header.subtitle,"Browse and filter Hebrew vocabulary by length, part of speech, and era — a free Hebrew dictionary for learning and practice.",,header subtitle,
dictionary.header.tour_button,❓ Tour,,header tour launcher button,leading-emoji
dictionary.header.tour_button_title,Take a quick tour,,header tour launcher title,aria-label only
dictionary.howto.step1,Type a Hebrew word in the search bar (with or without nikkud).,,footer how-to step,
dictionary.howto.step2,"Or filter by word length, part of speech, era, or letter position.",,footer how-to step,
dictionary.howto.step3,Click any result to view the word's details.,,footer how-to step,
dictionary.howto.summary,How To Use,,footer how-to summary,
dictionary.loading.dictionary,Loading dictionary…,,loading text,toast
dictionary.loading.dictionary_kb,Loading dictionary… {kb} KB,,loading text with size,toast
dictionary.loading.dictionary_pct,Loading dictionary… {pct}%,,loading text with percent,toast
dictionary.loading.emoji_failed,Failed to load emoji data.,,emoji load error,
dictionary.loading.emojis,Loading emojis…,,emoji loading text,toast
dictionary.loading.emojis_pct,Loading emojis… {pct}%,,emoji loading text with percent,toast
dictionary.loading.failed,Failed to load. Open via a local server (not file://).,,dictionary load error,
dictionary.modal.add_to_bulk,➕ Add to bulk list,,word modal bulk button,leading-emoji
dictionary.modal.close_aria,Close details,,word modal close aria-label,aria-label only
dictionary.modal.copy_allinfo,Copy all info,,word modal copy button,
dictionary.modal.copy_def,Copy definition,,word modal copy button,
dictionary.modal.copy_english,Copy English,,emoji modal copy button,
dictionary.modal.copy_hebrew,Copy Hebrew,,emoji modal copy button,
dictionary.modal.copy_hebrew_english,Copy Hebrew — English,,emoji modal copy button,
dictionary.modal.copy_hebrew_transdef,Copy Hebrew — translit — English,,emoji modal copy button,
dictionary.modal.copy_word,Copy word,,word modal copy button,
dictionary.modal.copy_word_def,Copy word — definition,,word modal copy button,
dictionary.modal.copy_word_transdef,Copy word — translit — definition,,word modal copy button,
dictionary.modal.era_bib_mod,Bib + Mod,,era badge (both),
dictionary.modal.form_feminine,♀ Feminine,,emoji modal form label,leading-emoji
dictionary.modal.form_masculine,♂ Masculine,,emoji modal form label,leading-emoji
dictionary.modal.google,Look up on Google ↗,,word modal Google link,leading-emoji
dictionary.modal.hear_form_aria,Hear {label},,emoji modal form speak aria-label,aria-label only
dictionary.modal.in_bulk_list,✓ In bulk list,,word modal bulk button (added),leading-emoji
dictionary.modal.pronounce,🔊 Pronounce,,word modal speak button,leading-emoji
dictionary.modal.words_from_root,Words from this root  {root}  →,,word modal root button,mixed UI+content — do not translate {…}
dictionary.ordinal_1st,1st,,letter-position ordinal,
dictionary.ordinal_2nd,2nd,,letter-position ordinal,
dictionary.ordinal_3rd,3rd,,letter-position ordinal,
dictionary.ordinal_4th,4th,,letter-position ordinal,
dictionary.ordinal_5th,5th,,letter-position ordinal,
dictionary.ordinal_6th,6th,,letter-position ordinal,
dictionary.pos.adjective,Adjective,,part-of-speech filter label,
dictionary.pos.adverb,Adverb,,part-of-speech filter label,
dictionary.pos.article,Article,,part-of-speech filter label,
dictionary.pos.conjunction,Conjunction,,part-of-speech filter label,
dictionary.pos.determiner,Determiner,,part-of-speech filter label,
dictionary.pos.interjection,Interjection,,part-of-speech filter label,
dictionary.pos.name,Name,,part-of-speech filter label,
dictionary.pos.name_element,Name Element,,part-of-speech filter label,
dictionary.pos.noun,Noun,,part-of-speech filter label,
dictionary.pos.numeral,Numeral,,part-of-speech filter label,
dictionary.pos.other,Other,,part-of-speech filter label,
dictionary.pos.particle,Particle,,part-of-speech filter label,
dictionary.pos.phrase,Phrase,,part-of-speech filter label,
dictionary.pos.postposition,Postposition,,part-of-speech filter label,
dictionary.pos.prep_phrase,Prep. Phrase,,part-of-speech filter label,
dictionary.pos.preposition,Preposition,,part-of-speech filter label,
dictionary.pos.pronoun,Pronoun,,part-of-speech filter label,
dictionary.pos.proper_noun,Proper Noun,,part-of-speech filter label,
dictionary.pos.root,Root (שׁורש),,part-of-speech filter label,mixed UI+content — do not translate {…}
dictionary.pos.verb,Verb,,part-of-speech filter label,
dictionary.results.count_emojis.one,{count} emoji,,result count (emoji mode),plural
dictionary.results.count_emojis.other,{count} emojis,,result count (emoji mode),plural
dictionary.results.count_related.one,{count} related word,,shoresh result count,plural
dictionary.results.count_related.other,{count} related words,,shoresh result count,plural
dictionary.results.count_words.one,{count} word,,result count,plural
dictionary.results.count_words.other,{count} words,,result count,plural
dictionary.results.load_more,Show more,,load-more button,
dictionary.results.no_emojis_found,No emojis found,,result count empty (emoji mode),
dictionary.results.no_related,No related words,,shoresh result count empty,
dictionary.results.no_words_found,No words found,,result count empty,
dictionary.results.no_words_in_list,No words in this list,,word-list-as-filter empty count,
dictionary.search.aria,"Search Hebrew, transliteration, or English",,search input aria-label,aria-label only
dictionary.search.clear_title,Clear search,,search clear button title/aria,aria-label only
dictionary.search.placeholder,"Search Hebrew, translit, or English…",,search input placeholder,placeholder
dictionary.shoresh.browse_roots,Browse roots (alef→tav) — click to look up:,,shoresh chips label,
dictionary.shoresh.enter_label,Enter a שׁורש (root),,shoresh input label,mixed UI+content — do not translate {…}
dictionary.shoresh.enter_root_count,Enter a root,,result count in empty shoresh,
dictionary.shoresh.group_adjective,Adjective,,shoresh group header,
dictionary.shoresh.group_adverb,Adverb,,shoresh group header,
dictionary.shoresh.group_count,{label} ({count}),,shoresh group header format,
dictionary.shoresh.group_noun,Noun,,shoresh group header,
dictionary.shoresh.group_other,Other,,shoresh group header,
dictionary.shoresh.group_root,Root,,shoresh group header,
dictionary.shoresh.group_verb,Verb,,shoresh group header,
dictionary.shoresh.input_placeholder,e.g. כ-ת-ב,,shoresh input placeholder,placeholder; mixed UI+content — do not translate {…}
dictionary.shoresh.lookup_button,Look up,,shoresh lookup button,
dictionary.shoresh.no_derived,No derived words found for this root in the current dictionary.,,shoresh empty note,
dictionary.shoresh.no_matching_roots,No matching roots.,,shoresh chips empty,
dictionary.shoresh.pattern_abstract_noun,abstract noun,,shoresh pattern sub-label,
dictionary.shoresh.pattern_adjective,adjective,,shoresh pattern sub-label,
dictionary.shoresh.pattern_agent_noun,agent noun,,shoresh pattern sub-label,
dictionary.shoresh.pattern_noun,noun,,shoresh pattern sub-label,
dictionary.shoresh.pattern_verb,verb,,shoresh pattern sub-label,
dictionary.shoresh.patterns_3letter_only,Patterns are shown for 3-letter roots.,,shoresh patterns note,
dictionary.shoresh.patterns_title,Common patterns from this root,,shoresh patterns section title,
dictionary.shoresh.type_min_letters,Type at least 2 root letters (e.g. כתב).,,shoresh empty note,mixed UI+content — do not translate {…}
dictionary.sidebar.collapse_all,Collapse all menus,,sidebar toolbar button,
dictionary.sidebar.expand_all,Expand all menus,,sidebar toolbar button,
dictionary.sidebar.hide_title,Hide sidebar,,sidebar hide button title,aria-label only
dictionary.sidebar.show_title,Show sidebar,,sidebar show button title,aria-label only
dictionary.toolbar.active_filters_aria,Active filters,,filter chips container aria-label,aria-label only
dictionary.toolbar.copy_link,🔗 Copy link,,toolbar share button,leading-emoji
dictionary.toolbar.copy_link_title,Copy a link to this exact filtered view,,toolbar share button title,aria-label only
dictionary.toolbar.loading,Loading…,,result count while loading,toast
dictionary.toolbar.reset_filters,↺ Reset filters,,toolbar reset button,leading-emoji
dictionary.toolbar.reset_filters_title,Reset all filters to their defaults,,toolbar reset button title,aria-label only
dictionary.toolbar.sort_alpha,Hebrew A→Z,,sort option,
dictionary.toolbar.sort_cat,Category,,sort option (emoji mode),
dictionary.toolbar.sort_english,English A→Z,,sort option (emoji mode),
dictionary.toolbar.sort_label,Sort:,,sort dropdown label,
dictionary.toolbar.sort_len_asc,Length ↑,,sort option,leading-emoji
dictionary.toolbar.sort_len_desc,Length ↓,,sort option,leading-emoji
dictionary.toolbar.sort_transl,Translation A→Z,,sort option,
dictionary.tour.cards_body,"Tap any word for full details, pronunciation, copy options, and its root family.",,tour step body,
dictionary.tour.cards_title,Word cards,,tour step title,
dictionary.tour.chips_body,"Everything you have turned on shows here as chips — tap ✕ to remove one, or reset them all.",,tour step body,
dictionary.tour.chips_title,Active filters,,tour step title,
dictionary.tour.export_body,Select a batch of words and export straight to Anki or Quizlet — or into the Worksheet Generator.,,tour step body,
dictionary.tour.export_title,Bulk Copy & Export,,tour step title,
dictionary.tour.filters_body,"Narrow by length, part of speech, era, vowels — even specific letters in specific positions.",,tour step body,
dictionary.tour.filters_title,Filters,,tour step title,
dictionary.tour.search_body,"Type Hebrew (with or without nikkud), transliteration, or English to find any word.",,tour step body,
dictionary.tour.search_title,Search,,tour step title,
dictionary.tour.share_body,Copy a link to exactly this filtered view and post it for your class.,,tour step body,
dictionary.tour.share_title,Share this view,,tour step title,
dictionary.tour.tools_body,"Switch between the word dictionary, an emoji picture-vocabulary deck, and the Shoresh root explorer.",,tour step body,
dictionary.tour.tools_title,Three tools in one,,tour step title,
dictionary.translit.credit,Powered by hebrew-transliteration by Charles Loder,,transliteration attribution,html (contains link)
dictionary.translit.head,Transliteration,,advanced section title,
dictionary.translit.load_failed,Library failed to load — using default style.,,transliteration load status,
dictionary.translit.loading,Loading library…,,transliteration load status,toast
dictionary.translit.style_ashkenazi,Ashkenazi,,transliteration style option,
dictionary.translit.style_brill,Brill Academic,,transliteration style option,
dictionary.translit.style_default,Default (built-in),,transliteration style option,
dictionary.translit.style_label,Style,,transliteration style label,
dictionary.translit.style_modern,Modern Israeli,,transliteration style option,
dictionary.translit.style_sbl,SBL Academic,,transliteration style option,
dictionary.translit.style_simple,Simple Stressed,,transliteration style option,
dictionary.wordlist.add_to_existing,Or add to an existing list,,save word-list modal section,
dictionary.wordlist.add_to_selected,Add to selected list,,merge button,
dictionary.wordlist.added.one,Added {count} word.,,merge status,plural
dictionary.wordlist.added.other,Added {count} words.,,merge status,plural
dictionary.wordlist.all_already_in,All selected words were already in that list.,,merge status,
dictionary.wordlist.card_count.one,{count} word,,word-list card count,plural
dictionary.wordlist.card_count.other,{count} words,,word-list card count,plural
dictionary.wordlist.create_new,Create a new list,,save word-list modal section,
dictionary.wordlist.delete,Delete,,word-list card button,
dictionary.wordlist.delete_confirm,"Delete the word list ""{name}""? This can't be undone.",,confirm dialog,mixed UI+content — do not translate {…}
dictionary.wordlist.dropped_suffix,{count} skipped (200-word limit).,,save/merge status suffix,
dictionary.wordlist.dup_name_suffix,(Another list already uses this name.),,save word-list status suffix,
dictionary.wordlist.enter_name,Please enter a name for the list.,,save word-list validation,
dictionary.wordlist.list_empty,This list is empty.,,word-list expanded empty,
dictionary.wordlist.load_as_filter,Load as filter (view in results),,word-list card button,
dictionary.wordlist.manager_empty,"No word lists yet. Turn on Bulk Copy Mode, select words, and use “Save as Word List”.",,word-lists manager empty state,empty state
dictionary.wordlist.manager_title,Word Lists,,word-lists manager modal title,
dictionary.wordlist.name_placeholder,e.g. Parashat Noach vocab,,new list name placeholder,placeholder
dictionary.wordlist.remove_word_title,Remove from list,,word remove button title,aria-label only
dictionary.wordlist.rename,Rename,,word-list card button,
dictionary.wordlist.rename_prompt,Rename word list:,,prompt dialog,
dictionary.wordlist.save_as_new,Save as new list,,save word-list button,
dictionary.wordlist.save_modal_title,Save as Word List,,save word-list modal title,
dictionary.wordlist.saved.one,"Saved ""{name}"" with {count} word.",,save word-list status,plural; mixed UI+content — do not translate {…}
dictionary.wordlist.saved.other,"Saved ""{name}"" with {count} words.",,save word-list status,plural; mixed UI+content — do not translate {…}
dictionary.wordlist.selected_count.one,{count} word selected,,save word-list modal count,plural
dictionary.wordlist.selected_count.other,{count} words selected,,save word-list modal count,plural
dictionary.wordlist.view_words,View words,,word-list card button,
dictionary.wordlists.head,Word Lists,,word-lists subheading,
dictionary.wordlists.head_desc,Save selected words as a named list you can reuse elsewhere on the site.,,word-lists description,
dictionary.wordlists.head_tip,"Save selected words as a named list stored across the whole site, so you can reuse it in other tools.",,word-lists tooltip,
dictionary.wordlists.manager_button,📚 Word Lists,,open word-lists manager button,leading-emoji
dictionary.wordlists.save_button,⭑ Save as Word List…,,save word-list button,leading-emoji
flashcards.advanced.audio_label,Audio,שמע,advanced toggle label,
flashcards.advanced.backup_head,Backup Presets,גיבוי הגדרות,advanced subheading,
flashcards.advanced.backup_include_label,Include in backup:,כלול בגיבוי:,backup scope label,
flashcards.advanced.backup_intro,Save your data to a .ivrit file on your device. Restore by dropping the file below or browsing for it. Use the toggle below to choose what's included.,"שמרו את הנתונים שלכם לקובץ ‎.ivrit במכשיר. לשחזור, גררו את הקובץ למטה או עיינו אליו. השתמשו במתג למטה כדי לבחור מה כלול.",backup area intro,
flashcards.advanced.backup_manual_placeholder,Exported preset JSON appears here…,קובץ JSON מיוצא של ההגדרות יופיע כאן…,manual backup textarea placeholder,placeholder
flashcards.advanced.backup_scope_both,Both,שניהם,backup scope button,
flashcards.advanced.backup_scope_presets,Presets,הגדרות,backup scope button,
flashcards.advanced.backup_scope_profiles,Profiles,פרופילים,backup scope button,
flashcards.advanced.color_mode_highlight,Highlight,הדגשה,color-coding mode pill,
flashcards.advanced.color_mode_letter,Letter,אות,color-coding mode pill,
flashcards.advanced.color_mode_underline,Underline,קו תחתון,color-coding mode pill,
flashcards.advanced.english_font_head,English / Latin Font,גופן אנגלי / לטיני,advanced subheading,
flashcards.advanced.hebrew_font_head,Hebrew Font,גופן עברי,advanced subheading,
flashcards.advanced.hide_home,Hide Home Arrow,הסתר חץ בית,advanced toggle label,
flashcards.advanced.nikkud_color_coding,Nikkud Color Coding,צבעי ניקוד,advanced toggle label,
flashcards.advanced.panel_title,Advanced Settings,הגדרות מתקדמות,panel title,
flashcards.advanced.scheme_default,Default,ברירת מחדל,vowel color scheme button,
flashcards.advanced.scheme_reset,Reset,איפוס,vowel color scheme reset button,
flashcards.advanced.scheme_talam,TaL AM,תל-עם,vowel color scheme button,
flashcards.advanced.show_skipped,Show skipped cards again,הצג שוב כרטיסים שדילגת עליהם,advanced toggle label,
flashcards.advanced.translit_ashkenazi,Ashkenazi,אשכנזי,transliteration style option,
flashcards.advanced.translit_brill,Brill Academic,Brill אקדמי,transliteration style option,
flashcards.advanced.translit_credit,"Powered by <a href=""https://github.com/charlesLoder/hebrew-transliteration"" target=""_blank"" rel=""noopener"" style=""color:var(--gold);text-decoration:none;"">hebrew-transliteration</a> by Charles Loder","מופעל על ידי <a href=""https://github.com/charlesLoder/hebrew-transliteration"" target=""_blank"" rel=""noopener"" style=""color:var(--gold);text-decoration:none;"">hebrew-transliteration</a> מאת Charles Loder",transliteration attribution,html (contains link)
flashcards.advanced.translit_default,Default (built-in),ברירת מחדל (מובנה),transliteration style option,
flashcards.advanced.translit_help,"Sets the romanization style. To show or hide transliteration on cards, use each mode's “Show transliteration” toggle in the Mode panel above.","קובע את סגנון התעתיק. כדי להציג או להסתיר תעתיק על הכרטיסים, השתמשו במתג “הצג תעתיק” של כל מצב בלוח המצב למעלה.",transliteration help text,
flashcards.advanced.translit_modern,Modern Israeli,עברית מודרנית,transliteration style option,
flashcards.advanced.translit_sbl,SBL Academic,SBL אקדמי,transliteration style option,
flashcards.advanced.translit_simple,Simple Stressed,מודגש פשוט,transliteration style option,
flashcards.advanced.transliteration_head,Transliteration,תעתיק,advanced subheading,
flashcards.advanced.tts_slow,Slow,איטי,tts rate slider min label,
flashcards.advanced.tts_speed_label,Hebrew TTS Reading Speed,מהירות הקראה קולית בעברית,tts rate slider label,
flashcards.badge.beta,BETA,בטא,inline feature badge,
flashcards.card.aria_answer_choices,Answer choices,אפשרויות תשובה,listening choices group aria-label,aria-label only
flashcards.card.aria_flip,Flash card. Tap or press space to flip.,כרטיס. הקישו או לחצו רווח כדי להפוך.,card aria-label,aria-label only
flashcards.card.aria_play_audio,Play audio,נגן שמע,listening replay aria-label,aria-label only
flashcards.card.did_i_get_it,Did I get it?,צדקתי?,card back prompt,REVIEW: casual self-check phrasing
flashcards.card.end_early,End Practice Early,סיים תרגול מוקדם,end-early button,
flashcards.card.flip_title,Flip,הפוך,flip button title,aria-label only
flashcards.card.hear,🔊 Hear,🔊 השמע,card back speak button,leading-emoji
flashcards.card.listen_degenerate,Add more letters/vowels for multiple-choice options.,הוסיפו עוד אותיות/תנועות כדי לקבל אפשרויות בחירה.,listening insufficient-options hint,
flashcards.card.listen_hint_heard,Which one did you hear?,איזה שמעתם?,listening prompt after playing,
flashcards.card.listen_hint_tap,Tap 🔊 to hear,הקישו 🔊 כדי לשמוע,listening prompt before playing,leading-emoji
flashcards.card.mark_no,✗ No,✗ לא,mark-wrong button,leading-emoji
flashcards.card.mark_yes,✓ Yes,✓ כן,mark-right button,leading-emoji
flashcards.card.meta,Card {count} of {total},כרטיס {count} מתוך {total},card progress meta,
flashcards.card.next,Next,הבא,card nav button,leading-emoji
flashcards.card.prev,Prev,הקודם,card nav button,leading-emoji
flashcards.card.skipped_header,↻ Skipped Card,↻ כרטיס שדולג,skipped-card banner,leading-emoji
flashcards.card.stat_accuracy,Accuracy,דיוק,card stats label,
flashcards.card.stat_correct,Correct,נכון,card stats label,
flashcards.card.stat_pb,PB,שיא,card stats label,
flashcards.card.stat_streak,Streak,רצף,card stats label,
flashcards.card.tap_to_flip,Tap to flip,הקישו להיפוך,card front hint,
flashcards.count.panel_title,Card Count,מספר כרטיסים,panel title,
flashcards.faq.a_customize,"Yes. Pick any subset of Hebrew letters and vowels, and 1, 2, or 3 letters per card.","כן. בחרו תת-קבוצה כלשהי של אותיות ותנועות, ו-1, 2 או 3 אותיות לכרטיס.",footer FAQ answer,
flashcards.faq.a_free,Yes. Free for non-commercial educational use under CC BY-NC-SA 4.0.,כן. חינמי לשימוש חינוכי לא-מסחרי תחת רישיון CC BY-NC-SA 4.0.,footer FAQ answer,
flashcards.faq.a_help_reading,"Hebrew flash cards build automatic letter–vowel recognition, the core skill behind fluent reading. Short drills with nikkud help students decode unfamiliar words faster.","כרטיסי זיכרון בעברית מפתחים זיהוי אוטומטי של אות-תנועה, המיומנות המרכזית שמאחורי קריאה שוטפת. תרגולים קצרים עם ניקוד עוזרים לתלמידים לפענח מילים לא מוכרות מהר יותר.",footer FAQ answer,
flashcards.faq.a_nikkud,"Yes. Every card displays Hebrew letters with full nikkud, and you can choose which vowels appear.","כן. כל כרטיס מציג אותיות עבריות עם ניקוד מלא, ואתם יכולים לבחור אילו תנועות יופיעו.",footer FAQ answer,
flashcards.faq.q_customize,Can I customize letters?,אפשר להתאים אותיות?,footer FAQ question,
flashcards.faq.q_free,Are they free?,האם הם חינמיים?,footer FAQ question,
flashcards.faq.q_help_reading,How do flash cards help reading?,איך כרטיסי זיכרון עוזרים לקריאה?,footer FAQ question,
flashcards.faq.q_nikkud,Do cards include nikkud?,האם הכרטיסים כוללים ניקוד?,footer FAQ question,
flashcards.faq.summary,Frequently Asked Questions,שאלות נפוצות,footer FAQ summary,
flashcards.glyphname.letter_alef,Alef,אלף,letter picker tile label,glyph-name | REVIEW: Hebrew letter/vowel name vs. keeping the transliteration
flashcards.glyphname.letter_ayin,Ayin,עין,letter picker tile label,glyph-name | REVIEW: Hebrew letter/vowel name vs. keeping the transliteration
flashcards.glyphname.letter_bet,Bet,בית,letter picker tile label,glyph-name | REVIEW: Hebrew letter/vowel name vs. keeping the transliteration
flashcards.glyphname.letter_chaf,Chaf,כף,letter picker tile label,glyph-name | REVIEW: Hebrew letter/vowel name vs. keeping the transliteration
flashcards.glyphname.letter_chaf_sofit,Chaf Sofit,כף סופית,letter picker tile label,glyph-name | REVIEW: Hebrew letter/vowel name vs. keeping the transliteration
flashcards.glyphname.letter_chet,Chet,חית,letter picker tile label,glyph-name | REVIEW: Hebrew letter/vowel name vs. keeping the transliteration
flashcards.glyphname.letter_dalet,Dalet,דלת,letter picker tile label,glyph-name | REVIEW: Hebrew letter/vowel name vs. keeping the transliteration
flashcards.glyphname.letter_feh,Feh,פה,letter picker tile label,glyph-name | REVIEW: Hebrew letter/vowel name vs. keeping the transliteration
flashcards.glyphname.letter_feh_sofit,Feh Sofit,פה סופית,letter picker tile label,glyph-name | REVIEW: Hebrew letter/vowel name vs. keeping the transliteration
flashcards.glyphname.letter_gimel,Gimel,גימל,letter picker tile label,glyph-name | REVIEW: Hebrew letter/vowel name vs. keeping the transliteration
flashcards.glyphname.letter_heh,Heh,הא,letter picker tile label,glyph-name | REVIEW: Hebrew letter/vowel name vs. keeping the transliteration
flashcards.glyphname.letter_kaf,Kaf,כף,letter picker tile label,glyph-name | REVIEW: Hebrew letter/vowel name vs. keeping the transliteration
flashcards.glyphname.letter_koof,Koof,קוף,letter picker tile label,glyph-name | REVIEW: Hebrew letter/vowel name vs. keeping the transliteration
flashcards.glyphname.letter_lamed,Lamed,למד,letter picker tile label,glyph-name | REVIEW: Hebrew letter/vowel name vs. keeping the transliteration
flashcards.glyphname.letter_mem,Mem,מם,letter picker tile label,glyph-name | REVIEW: Hebrew letter/vowel name vs. keeping the transliteration
flashcards.glyphname.letter_mem_sofit,Mem Sofit,מם סופית,letter picker tile label,glyph-name | REVIEW: Hebrew letter/vowel name vs. keeping the transliteration
flashcards.glyphname.letter_nun,Nun,נון,letter picker tile label,glyph-name | REVIEW: Hebrew letter/vowel name vs. keeping the transliteration
flashcards.glyphname.letter_nun_sofit,Nun Sofit,נון סופית,letter picker tile label,glyph-name | REVIEW: Hebrew letter/vowel name vs. keeping the transliteration
flashcards.glyphname.letter_peh,Peh,פה,letter picker tile label,glyph-name | REVIEW: Hebrew letter/vowel name vs. keeping the transliteration
flashcards.glyphname.letter_resh,Resh,ריש,letter picker tile label,glyph-name | REVIEW: Hebrew letter/vowel name vs. keeping the transliteration
flashcards.glyphname.letter_samech,Samech,סמך,letter picker tile label,glyph-name | REVIEW: Hebrew letter/vowel name vs. keeping the transliteration
flashcards.glyphname.letter_sav,Sav,ת׳,letter picker tile label,glyph-name | REVIEW: Hebrew letter/vowel name vs. keeping the transliteration
flashcards.glyphname.letter_shin,Shin,שין,letter picker tile label,glyph-name | REVIEW: Hebrew letter/vowel name vs. keeping the transliteration
flashcards.glyphname.letter_sin,Sin,שין שמאלית,letter picker tile label,glyph-name | REVIEW: Hebrew letter/vowel name vs. keeping the transliteration
flashcards.glyphname.letter_tav,Tav,תו,letter picker tile label,glyph-name | REVIEW: Hebrew letter/vowel name vs. keeping the transliteration
flashcards.glyphname.letter_tet,Tet,טית,letter picker tile label,glyph-name | REVIEW: Hebrew letter/vowel name vs. keeping the transliteration
flashcards.glyphname.letter_tzadi,Tzadi,צדי,letter picker tile label,glyph-name | REVIEW: Hebrew letter/vowel name vs. keeping the transliteration
flashcards.glyphname.letter_tzadi_sofit,Tzadi Sofit,צדי סופית,letter picker tile label,glyph-name | REVIEW: Hebrew letter/vowel name vs. keeping the transliteration
flashcards.glyphname.letter_vav,Vav,וו,letter picker tile label,glyph-name | REVIEW: Hebrew letter/vowel name vs. keeping the transliteration
flashcards.glyphname.letter_vet,Vet,בית רפויה,letter picker tile label,glyph-name | REVIEW: Hebrew letter/vowel name vs. keeping the transliteration
flashcards.glyphname.letter_yud,Yud,יוד,letter picker tile label,glyph-name | REVIEW: Hebrew letter/vowel name vs. keeping the transliteration
flashcards.glyphname.letter_zayin,Zayin,זין,letter picker tile label,glyph-name | REVIEW: Hebrew letter/vowel name vs. keeping the transliteration
flashcards.glyphname.vowel_chirik,Chirik,חיריק,vowel picker tile label,glyph-name | REVIEW: Hebrew letter/vowel name vs. keeping the transliteration
flashcards.glyphname.vowel_hataf_kamatz,Hataf Kamatz,חטף קמץ,vowel picker tile label,glyph-name | REVIEW: Hebrew letter/vowel name vs. keeping the transliteration
flashcards.glyphname.vowel_hataf_patach,Hataf Patach,חטף פתח,vowel picker tile label,glyph-name | REVIEW: Hebrew letter/vowel name vs. keeping the transliteration
flashcards.glyphname.vowel_hataf_segol,Hataf Segol,חטף סגול,vowel picker tile label,glyph-name | REVIEW: Hebrew letter/vowel name vs. keeping the transliteration
flashcards.glyphname.vowel_holam,Holam,חולם,vowel picker tile label,glyph-name | REVIEW: Hebrew letter/vowel name vs. keeping the transliteration
flashcards.glyphname.vowel_kamatz,Kamatz,קמץ,vowel picker tile label,glyph-name | REVIEW: Hebrew letter/vowel name vs. keeping the transliteration
flashcards.glyphname.vowel_kubutz,Kubutz,קובוץ,vowel picker tile label,glyph-name | REVIEW: Hebrew letter/vowel name vs. keeping the transliteration
flashcards.glyphname.vowel_patach,Patach,פתח,vowel picker tile label,glyph-name | REVIEW: Hebrew letter/vowel name vs. keeping the transliteration
flashcards.glyphname.vowel_segol,Segol,סגול,vowel picker tile label,glyph-name | REVIEW: Hebrew letter/vowel name vs. keeping the transliteration
flashcards.glyphname.vowel_shuruk,Shuruk,שורוק,vowel picker tile label,glyph-name | REVIEW: Hebrew letter/vowel name vs. keeping the transliteration
flashcards.glyphname.vowel_shva,Shva,שווא,vowel picker tile label,glyph-name | REVIEW: Hebrew letter/vowel name vs. keeping the transliteration
flashcards.glyphname.vowel_tzere,Tzere,צירה,vowel picker tile label,glyph-name | REVIEW: Hebrew letter/vowel name vs. keeping the transliteration
flashcards.glyphname.vowel_vav_holam,Vav Holam,וו חולם,vowel picker tile label,glyph-name | REVIEW: Hebrew letter/vowel name vs. keeping the transliteration
flashcards.header.h1,Hebrew Flash Cards for Reading Practice,כרטיסי זיכרון בעברית לתרגול קריאה,page H1 heading,REVIEW: marketing headline phrasing
flashcards.header.home,←,←,"header home button, icon","leading-emoji; title/aria ""Home"""
flashcards.header.home_label,Home,בית,header home button title/aria,aria-label only
flashcards.header.present_title,Present fullscreen,מצב מסך מלא,header present button title (not in fullscreen),aria-label only
flashcards.header.tour_button,❓ Tour,❓ סיור,header tour launcher button,leading-emoji
flashcards.header.tour_button_title,Take a quick tour,סיור קצר,header tour launcher title,aria-label only
flashcards.howto.step1,"Choose 1, 2, or 3 letters per card.","בחרו 1, 2 או 3 אותיות לכרטיס.",footer how-to step,
flashcards.howto.step2,Select Hebrew letters and vowels to drill.,בחרו אותיות ותנועות לתרגול.,footer how-to step,
flashcards.howto.step3,Set the number of cards in the deck.,קבעו את מספר הכרטיסים בחפיסה.,footer how-to step,
flashcards.howto.step4,Click Start to begin.,לחצו על “התחל” כדי להתחיל.,footer how-to step,html
flashcards.howto.step5,Tap a card to reveal it; mark right or wrong.,הקישו על כרטיס כדי לחשוף אותו; סמנו נכון או לא נכון.,footer how-to step,
flashcards.howto.summary,How To Use,איך להשתמש,footer how-to summary,
flashcards.letters.all,All,הכל,letter select button,
flashcards.letters.dagesh_tav_label,Dagesh Tav / Sav,ת׳ דגושה / ת׳ רפויה,letter toggle label,
flashcards.letters.dagesh_tav_tip,Add the Tav with dagesh ('Tav') versus without ('Sav').,הוסיפו את הת׳ עם דגש (“ת׳”) מול הת׳ בלי דגש (“ס׳”).,dagesh-tav toggle tooltip,
flashcards.letters.no_sofit,No Sofit,ללא סופיות,letter select button,
flashcards.letters.none,None,ללא,letter select button,
flashcards.letters.panel_title,Letter Select,בחירת אותיות,panel title,
flashcards.listening.warn_name_letter,Listening isn’t available for “Name the Letter”.,האזנה אינה זמינה עבור “שם האות”.,listening disabled title,aria-label only
flashcards.listening.warn_no_speech_note,"Audio isn’t supported in this browser, so Listening is unavailable.","שמע אינו נתמך בדפדפן זה, אז האזנה אינה זמינה.",listening disabled note,
flashcards.listening.warn_no_speech_title,Audio isn’t supported in this browser.,שמע אינו נתמך בדפדפן זה.,listening disabled title,aria-label only
flashcards.listening.warn_no_voice,No Hebrew voice detected on this device — audio may be silent or read with a default voice.,לא זוהה קול עברי במכשיר זה — ייתכן שהשמע יהיה שקט או יוקרא בקול ברירת מחדל.,listening warning note,
flashcards.lock.locked_letters,Locked letter(s):,אותיות נעולות:,letter lock sub-label,
flashcards.lock.locked_vowels,Locked vowel(s):,תנועות נעולות:,vowel lock sub-label,
flashcards.lock.position_heading,{ordinal} Position,מיקום {ordinal},letter/vowel lock per-position heading,
flashcards.manual.invalid_json,Invalid JSON: {message},JSON לא תקין: {message},manual import alert,
flashcards.manual.no_presets_key,"No ""presets"" key found.","לא נמצא מפתח ""presets"".",manual import alert,
flashcards.mode.choices_label,Choices:,אפשרויות:,listening choices row label,
flashcards.mode.color_display_color,Color,צבע,colors display pill,
flashcards.mode.color_display_colorname,Color + Name,צבע + שם,colors display pill,
flashcards.mode.color_display_label,Display:,תצוגה:,colors display row label,
flashcards.mode.color_display_name,Name,שם,colors display pill,
flashcards.mode.color_front_color,Color,צבע,colors front pill,
flashcards.mode.color_front_hebrew,Hebrew Word,מילה בעברית,colors front pill,
flashcards.mode.emoji_front_emoji,Emoji,אימוג׳י,emoji front pill,
flashcards.mode.emoji_front_hebrew,Hebrew Word,מילה בעברית,emoji front pill,
flashcards.mode.emoji_gender_both,Show M/F Form,הצג צורת ז/נ,emoji gender button,
flashcards.mode.emoji_gender_both_tip,"For emojis with both forms (e.g. cat → חָתוּל / חֲתוּלָה), each form appears as its own card.","עבור אימוג׳ים עם שתי הצורות (למשל חתול ← חָתוּל / חֲתוּלָה), כל צורה מופיעה ככרטיס נפרד.",emoji gender tooltip,mixed UI+content — do not translate {…}
flashcards.mode.emoji_gender_fem,♀ Fem,♀ נקבה,emoji gender button,leading-emoji
flashcards.mode.emoji_gender_masc,♂ Masc,♂ זכר,emoji gender button,leading-emoji
flashcards.mode.emoji_show_gender,Show gender (♂/♀),הצג מין (♂/♀),emoji checkbox label,leading-emoji
flashcards.mode.emoji_side_both,Both,שניהם,emoji gender-side pill,
flashcards.mode.emoji_side_emoji,Emoji side,צד האימוג׳י,emoji gender-side pill,
flashcards.mode.emoji_side_hebrew,Hebrew side,צד העברית,emoji gender-side pill,
flashcards.mode.front_label,Front:,חזית:,mode front-side row label (shared across sub-modes),
flashcards.mode.gender_feminine,Feminine,נקבה,gender pill,
flashcards.mode.gender_label,Gender:,מין:,mode gender row label (shared across sub-modes),
flashcards.mode.gender_masculine,Masculine,זכר,gender pill,
flashcards.mode.inverse_label,Inverse Mode,מצב הפוך,mode toggle label,
flashcards.mode.inverse_tip,Show the transliteration first; flip to reveal the Hebrew.,הציגו תחילה את התעתיק; הפכו כדי לחשוף את העברית.,inverse toggle tooltip,
flashcards.mode.letters_per_card,Letters per card:,אותיות לכרטיס:,mode row label,
flashcards.mode.listening_label,🎧 Listening,🎧 האזנה,listening toggle label,leading-emoji
flashcards.mode.listening_tip,"Instead of reading the card, hear it spoken and tap the matching answer. Trains listening (hear → identify) instead of decoding (see → say).","במקום לקרוא את הכרטיס, שמעו אותו והקישו על התשובה התואמת. מתרגל האזנה (שמיעה ← זיהוי) במקום פענוח (ראייה ← אמירה).",listening toggle tooltip,
flashcards.mode.lock_letter_label,Lock Letter,נעילת אות,mode toggle label,
flashcards.mode.lock_letter_tip,Force a specific letter (or set of letters) to always appear at the chosen position.,הכריחו אות מסוימת (או קבוצת אותיות) להופיע תמיד במיקום הנבחר.,lock-letter toggle tooltip,
flashcards.mode.name_letter_label,Name the Letter,שם האות,mode toggle label,"REVIEW: ""Name the Letter"" mode label"
flashcards.mode.name_letter_show_letter,Show Letter,הצג אות,name-letter front pill,
flashcards.mode.name_letter_show_name,Show Name,הצג שם,name-letter front pill,
flashcards.mode.panel_title,Mode,מצב,panel title,
flashcards.mode.pill_1letter,1 Letter,אות אחת,mode pill,
flashcards.mode.pill_2letter,2 Letter,שתי אותיות,mode pill,
flashcards.mode.pill_3letter,3 Letter,שלוש אותיות,mode pill,
flashcards.mode.pill_other,Other,אחר,mode pill,
flashcards.mode.range_label,Range:,טווח:,numbers mode range label,
flashcards.mode.select_all,All,הכל,color/emoji selection button,
flashcards.mode.select_main_colors,Main Colors,צבעים עיקריים,colors selection button,
flashcards.mode.select_none,None,ללא,color/emoji selection button,
flashcards.mode.show_number,Show Number,הצג מספר,numbers front pill,
flashcards.mode.show_transliteration,Show transliteration,הצג תעתיק,checkbox label (shared across sub-modes),
flashcards.mode.show_words,Show Words,הצג מילים,numbers front pill,
flashcards.mode.sub_colors,Colors,צבעים,other-mode sub pill,
flashcards.mode.sub_emoji,Emoji,אימוג׳י,other-mode sub pill,
flashcards.mode.sub_numbers,Numbers,מספרים,other-mode sub pill,
flashcards.mode.sub_words,Words,מילים,other-mode sub pill,
flashcards.mode.words_empty_state,"No word lists yet. <a href=""hebrew_dictionary.html"">Create word lists in the Dictionary</a>, then come back to drill them here.","אין עדיין רשימות מילים. <a href=""hebrew_dictionary.html"">צרו רשימות מילים במילון</a>, ואז חזרו לכאן כדי לתרגל אותן.",words empty state,html (contains link)
flashcards.mode.words_front_english,English,אנגלית,words front pill,
flashcards.mode.words_front_hebrew,Hebrew,עברית,words front pill,
flashcards.mode.words_length_label,Word length:,אורך המילה:,words length row label,
flashcards.mode.words_length_unit,letters,אותיות,words length unit suffix,
flashcards.mode.words_source_alldict,All Dictionary,כל המילון,words source pill,
flashcards.mode.words_source_label,Source:,מקור:,words source row label,
flashcards.mode.words_source_mylists,My Word Lists,רשימות המילים שלי,words source pill,
flashcards.profile.button_label,{name}  ·  {count} saved,{name}  ·  {count} שמורים,save-to-profile choice button,
flashcards.profile.cancel,Cancel,ביטול,save-to-profile cancel button,
flashcards.profile.delete_confirm,"Delete profile ""{name}"" and all of its saved results? This cannot be undone.","למחוק את הפרופיל ""{name}"" ואת כל התוצאות השמורות שלו? לא ניתן לבטל זאת.",confirm dialog,mixed UI+content — do not translate {…}
flashcards.profile.delete_result_confirm,Delete this saved result?,למחוק את התוצאה השמורה הזו?,confirm dialog,
flashcards.profile.history_pct_frac,({correct}/{total}),({correct}/{total}),history item score fraction,
flashcards.profile.merge_confirm,"Profile ""{newName}"" already exists — merge ""{oldName}"" into it?","הפרופיל ""{newName}"" כבר קיים — למזג את ""{oldName}"" אליו?",confirm dialog,mixed UI+content — do not translate {…}
flashcards.profile.new_profile_heading,New profile,פרופיל חדש,save-to-profile modal section,
flashcards.profile.new_prompt,New profile name:,שם פרופיל חדש:,prompt dialog,
flashcards.profile.no_profiles_option,— no profiles —,— אין פרופילים —,active-profile dropdown empty option,
flashcards.profile.no_selected_alert,No profile selected.,לא נבחר פרופיל.,alert,
flashcards.profile.rename_prompt,Rename profile to:,שם חדש לפרופיל:,prompt dialog,
flashcards.profile.save,Save,שמירה,save-to-profile create button,
flashcards.profile.save_modal_title,Save results to…,שמור תוצאות אל…,save-to-profile modal title,
flashcards.profile.set_active,Set Active,הפוך לפעיל,profile list button,
flashcards.profile.student_name_placeholder,Student name…,שם התלמיד…,new-profile name input placeholder,placeholder
flashcards.results.frac,{correct} / {total} correct,{correct} / {total} נכון,results fraction,
flashcards.results.mode_colors,Colors,צבעים,results-history mode label,
flashcards.results.mode_drill,Drill,תרגול,results-history default mode label,
flashcards.results.mode_emoji,Emoji,אימוג׳י,results-history mode label,
flashcards.results.mode_n_letter,{count}-letter,{count} אותיות,results-history mode label,
flashcards.results.mode_name_letters,Name Letters,שמות אותיות,results-history mode label,
flashcards.results.mode_numbers,Numbers,מספרים,results-history mode label,
flashcards.results.mode_words,Words,מילים,results-history mode label,
flashcards.results.new_pb,· 🏆 New personal best!,· 🏆 שיא אישי חדש!,results summary suffix,leading-emoji
flashcards.results.panel_title,Results,תוצאות,results panel title,
flashcards.results.practice_mistakes,Practice My Mistakes,תרגלו את הטעויות שלי,results action button,REVIEW: imperative vs. noun phrasing
flashcards.results.redo,Redo This Card Set,חזרו על סדרת הכרטיסים,results action button,
flashcards.results.return_to_options,Return to Options,חזרה לאפשרויות,results action button,
flashcards.results.save_button,💾 Save Results,💾 שמור תוצאות,results action button,leading-emoji
flashcards.results.save_button_done,✓ Saved to {name},✓ נשמר אל {name},save-results confirmation label,leading-emoji
flashcards.results.summary.one,Best streak: {streak} 🔥 · Accuracy {pct}% · {count} card answered,רצף שיא: {streak} 🔥 · דיוק {pct}% · כרטיס {count} נענה,results end-of-session summary,plural; leading-emoji
flashcards.results.summary.other,Best streak: {streak} 🔥 · Accuracy {pct}% · {count} cards answered,רצף שיא: {streak} 🔥 · דיוק {pct}% · {count} כרטיסים נענו,results end-of-session summary,plural; leading-emoji
flashcards.results.time,Time: {time},זמן: {time},results time (track mode),
flashcards.results.time_limit,Time limit: {time},מגבלת זמן: {time},results time (limit mode),
flashcards.setup.collapse_all,Collapse all menus,כווץ את כל התפריטים,setup toolbar button,
flashcards.setup.expand_all,Expand all menus,הרחב את כל התפריטים,setup toolbar button,
flashcards.share.copied,✓ Copied!,✓ הועתק!,copy-code button flash,leading-emoji
flashcards.share.embed_cap,Only the first {count} of {total} words were embedded in this code.,רק {count} המילים הראשונות מתוך {total} הוטמעו בקוד זה.,share-code warning,
flashcards.share.invalid_code,Invalid code — please check and try again.,קוד לא תקין — אנא בדקו ונסו שוב.,share-code error,
flashcards.start.button,Start Practicing! ✨,התחילו לתרגל! ✨,start CTA button,leading-emoji
flashcards.start.err_dict_loading,Dictionary still loading — try again in a second.,המילון עדיין נטען — נסו שוב בעוד רגע.,start validation alert,
flashcards.start.err_emoji_loading,Emoji data still loading — try again in a second.,נתוני האימוג׳י עדיין נטענים — נסו שוב בעוד רגע.,start validation alert,
flashcards.start.err_locked_empty,A locked position has no letter selected.,למיקום נעול לא נבחרה אות.,start validation alert,
flashcards.start.err_no_cards,Couldn't generate cards with the current selection.,לא התאפשר ליצור כרטיסים עם הבחירה הנוכחית.,start validation alert,
flashcards.start.err_no_words,No words match the current selection.,אין מילים התואמות לבחירה הנוכחית.,start validation alert,
flashcards.start.err_range,Range min must be ≤ max.,מינימום הטווח חייב להיות ≤ מקסימום.,start validation alert,
flashcards.start.err_select_color,Select at least one color.,בחרו לפחות צבע אחד.,start validation alert,
flashcards.start.err_select_emoji,Select at least one emoji subcategory.,בחרו לפחות תת-קטגוריה אחת של אימוג׳י.,start validation alert,
flashcards.start.err_select_letter,Select at least one letter.,בחרו לפחות אות אחת.,start validation alert,
flashcards.start.err_select_vowel,Select at least one vowel.,בחרו לפחות תנועה אחת.,start validation alert,
flashcards.start.err_select_wordlist,Select at least one word list.,בחרו לפחות רשימת מילים אחת.,start validation alert,
flashcards.teachertools.copy_code,📋 Copy Code,📋 העתק קוד,share-code copy button,leading-emoji
flashcards.teachertools.delete_button,Delete,מחק,profile delete button,
flashcards.teachertools.generate_share,Generate Share Code,צור קוד שיתוף,share-code button,
flashcards.teachertools.got_code,Got a code from your teacher?,קיבלתם קוד מהמורה?,share-code paste subheading,
flashcards.teachertools.history_empty,No saved results yet for this profile.,אין עדיין תוצאות שמורות לפרופיל זה.,profile history empty state,empty state
flashcards.teachertools.load_button,Load,טען,share-code load button,
flashcards.teachertools.new_profile_button,＋ New,＋ חדש,new profile button,leading-emoji
flashcards.teachertools.new_profile_button_title,Create a new profile,צור פרופיל חדש,new profile button title,aria-label only
flashcards.teachertools.panel_title,Teacher Tools,כלי מורה,panel title,
flashcards.teachertools.practice_weaknesses,🎯 Practice My Weaknesses,🎯 תרגלו את החולשות שלי,teacher-tools button,leading-emoji
flashcards.teachertools.preset_name_placeholder,Preset name…,שם ההגדרה…,preset name input placeholder,placeholder
flashcards.teachertools.presets_empty,"No presets yet — configure your settings, then save them here.",אין עדיין הגדרות שמורות — הגדירו את ההגדרות ושמרו אותן כאן.,presets empty state,empty state
flashcards.teachertools.presets_head,Presets,הגדרות שמורות,teacher-tools subheading,
flashcards.teachertools.profiles_empty,No profiles yet — finish a drill and tap Save Results to create one.,אין עדיין פרופילים — סיימו תרגול והקישו “שמור תוצאות” כדי ליצור אחד.,profiles empty state,empty state
flashcards.teachertools.profiles_head,Profiles & Results,פרופילים ותוצאות,teacher-tools subheading,
flashcards.teachertools.profiles_intro,"Save drill results to a named profile to track progress over time. After a drill, tap Save Results on the results screen.","שמרו תוצאות תרגול לפרופיל בשם כדי לעקוב אחר ההתקדמות לאורך זמן. לאחר תרגול, הקישו “שמור תוצאות” במסך התוצאות.",profiles intro prose,
flashcards.teachertools.rename_button,Rename,שנה שם,profile rename button,
flashcards.teachertools.results_history_heading,Results History — {name},היסטוריית תוצאות — {name},profile detail heading,
flashcards.teachertools.save_button,Save,שמור,save preset button,
flashcards.teachertools.share_head,Teacher Share Code,קוד שיתוף למורה,teacher-tools subheading,
flashcards.teachertools.share_input_placeholder,Paste share code here…,הדביקו קוד שיתוף כאן…,share input placeholder,placeholder
flashcards.teachertools.share_intro,"Generate a code that captures every current setting. Share it with students — when they paste it and tap Load, the deck opens with your exact setup.","צרו קוד שלוכד את כל ההגדרות הנוכחיות. שתפו אותו עם התלמידים — כשהם מדביקים אותו ומקישים טען, החפיסה נפתחת עם ההגדרה המדויקת שלכם.",share-code intro prose,
flashcards.teachertools.share_output_placeholder,Tap “Generate Share Code” to create a code…,הקישו “צור קוד שיתוף” כדי ליצור קוד…,share output textarea placeholder,placeholder
flashcards.teachertools.view_weaknesses,📊 View Weaknesses,📊 צפה בחולשות,teacher-tools button,leading-emoji
flashcards.timer.mode_limit,Time Limit,מגבלת זמן,timer mode pill,
flashcards.timer.mode_off,No Timer,ללא טיימר,timer mode pill,
flashcards.timer.mode_track,Record Time,מדוד זמן,timer mode pill,
flashcards.timer.panel_title,Timer,טיימר,panel title,
flashcards.timer.show_countdown,Show countdown on screen,הצג ספירה לאחור על המסך,timer toggle label (limit mode),
flashcards.timer.show_timer,Show timer on screen,הצג טיימר על המסך,timer toggle label (track/off),
flashcards.timer.time_limit_label,Time limit:,מגבלת זמן:,timer limit sub-label,
flashcards.tour.advanced_body,"Color-code the nikkud, pick a Hebrew font, and fine-tune the deck.","צבעו את הניקוד, בחרו גופן עברי וכוונו את החפיסה.",tour step body,
flashcards.tour.advanced_title,Advanced Settings,הגדרות מתקדמות,tour step title,
flashcards.tour.letters_body,Tap letters to include or exclude them — match exactly what your class has learned.,הקישו על אותיות כדי לכלול או להוציא אותן — התאימו בדיוק למה שהכיתה למדה.,tour step body,
flashcards.tour.letters_title,Letters,אותיות,tour step title,
flashcards.tour.mode_body,"Choose what students practice: single letters, 2- or 3-letter blends, listening — or numbers, colors, emoji, and word cards.","בחרו מה התלמידים מתרגלים: אותיות בודדות, צירופי שתי או שלוש אותיות, האזנה — או מספרים, צבעים, אימוג׳י וכרטיסי מילים.",tour step body,
flashcards.tour.mode_title,Practice Mode,מצב תרגול,tour step title,
flashcards.tour.start_body,Flips into full-screen flash cards. Tap or press Space to flip a card; arrow keys move between cards.,עובר לכרטיסים במסך מלא. הקישו או לחצו רווח כדי להפוך כרטיס; מקשי החץים מנווטים בין הכרטיסים.,tour step body,
flashcards.tour.start_title,Start Practicing,התחלת תרגול,tour step title,
flashcards.tour.teachertools_body,"Save presets and student profiles, and share your exact setup with a paste-in class code.","שמרו הגדרות ופרופילי תלמידים, ושתפו את ההגדרה המדויקת שלכם עם קוד כיתה להדבקה.",tour step body,
flashcards.tour.teachertools_title,Teacher Tools,כלי מורה,tour step title,
flashcards.tour.vowels_body,Same idea for nikkud: only the vowels you've taught.,אותו רעיון עבור ניקוד: רק התנועות שלימדתם.,tour step body,
flashcards.tour.vowels_title,Vowels,תנועות,tour step title,
flashcards.translit.load_failed,Library failed to load — using default style.,טעינת הספרייה נכשלה — משתמשים בסגנון ברירת המחדל.,transliteration load status,
flashcards.translit.loading,Loading library…,טוען ספרייה…,transliteration load status,toast
flashcards.vowelgroup.color_aqua,Aqua,תכלת,vowel group color name,html (underlined first letter) | REVIEW: Aqua = תכלת?
flashcards.vowelgroup.color_blue,Blue,כחול,vowel group color name,html (underlined first letter)
flashcards.vowelgroup.color_green,Green,ירוק,vowel group color name,html (underlined first letter)
flashcards.vowelgroup.color_grey,Grey,אפור,vowel group color name,html (underlined first letter)
flashcards.vowelgroup.color_navy,Blue,כחול,vowel group color name (TaL AM navy),html (underlined first letter)
flashcards.vowelgroup.color_orange,Orange,כתום,vowel group color name (TaL AM),html (underlined first letter)
flashcards.vowelgroup.color_purple,Purple,סגול,vowel group color name,html (underlined first letter)
flashcards.vowelgroup.color_red,Red,אדום,vowel group color name,html (underlined first letter)
flashcards.vowelgroup.color_yellow,Yellow,צהוב,vowel group color name,html (underlined first letter)
flashcards.vowelgroup.header,{sound} Sound – {color},צליל {sound} – {color},vowel selector group header,html
flashcards.vowels.all,All,הכל,vowel select button,
flashcards.vowels.count_vav_label,"Count <span style=""font-family:var(--heb-font);direction:rtl;"" lang=""he"" dir=""rtl"">וֹ/וּ</span> as a letter","ספור <span style=""font-family:var(--heb-font);direction:rtl;"" lang=""he"" dir=""rtl"">וֹ/וּ</span> כאות",vav-as-letter toggle label,mixed UI+content — do not translate {…}
flashcards.vowels.count_vav_tip,"When using cholam-vav (וֹ) or shuruk (וּ), treat the vav as the letter itself rather than a separate consonant.","בשימוש בו׳-חולם (וֹ) או שורוק (וּ), התייחסו לו׳ כאות עצמה ולא כעיצור נפרד.",vav toggle tooltip,mixed UI+content — do not translate {…}
flashcards.vowels.main,Main,עיקריות,vowel select button,
flashcards.vowels.none,None,ללא,vowel select button,
flashcards.vowels.panel_title,Vowel Select,בחירת תנועות,panel title,
flashcards.vowels.pos_1st,1st,ראשונה,vowel-position pill / lock ordinal,
flashcards.vowels.pos_2nd,2nd,שנייה,vowel-position pill / lock ordinal,
flashcards.vowels.pos_3rd,3rd,שלישית,vowel-position pill / lock ordinal,
flashcards.vowels.pos_4th,4th,רביעית,lock ordinal,
flashcards.vowels.vowel_lock_label,Vowel Lock,נעילת תנועה,vowel lock toggle label,
flashcards.vowels.vowel_on_letter_label,Vowel on letter:,תנועה על האות:,vowel position row label,
flashcards.weaknesses.cancel,Cancel,ביטול,card-count modal cancel button,
flashcards.weaknesses.count_prompt,How many cards do you want to practice?,כמה כרטיסים אתם רוצים לתרגל?,card-count modal prompt,
flashcards.weaknesses.count_prompt_max,Up to {count} weakness cards available. How many do you want to practice?,עד {count} כרטיסי חולשה זמינים. כמה אתם רוצים לתרגל?,card-count modal prompt,html
flashcards.weaknesses.custom_label,Custom:,מותאם:,card-count modal custom input label,
flashcards.weaknesses.mastered,No mistakes here — mastered! 🎉,אין טעויות כאן — בשליטה! 🎉,weakness tab all-correct note,leading-emoji
flashcards.weaknesses.missed_ratio,missed {missed}/{seen},טעו {missed}/{seen},weakness row stat,
flashcards.weaknesses.modal_title,Practice My Weaknesses,תרגלו את החולשות שלי,card-count modal title,
flashcards.weaknesses.no_mistakes_alert,No mistakes saved yet for this profile. Save some drill results first.,אין עדיין טעויות שמורות לפרופיל זה. שמרו תחילה תוצאות תרגול.,alert,
flashcards.weaknesses.not_enough_data,Not enough data yet — save more drill results.,אין עדיין מספיק נתונים — שמרו עוד תוצאות תרגול.,weakness tab empty state,empty state
flashcards.weaknesses.other_colors,Colors,צבעים,weakness-view Other bucket label,
flashcards.weaknesses.other_emojis,Emojis,אימוג׳י,weakness-view Other bucket label,
flashcards.weaknesses.other_numbers,Numbers,מספרים,weakness-view Other bucket label,
flashcards.weaknesses.other_words,Words,מילים,weakness-view Other bucket label,
flashcards.weaknesses.start,Start,התחל,card-count modal start button,
flashcards.weaknesses.tab_combos,Letter + Vowel,אות + תנועה,weakness-view tab,
flashcards.weaknesses.tab_letters,Letters,אותיות,weakness-view tab,
flashcards.weaknesses.tab_other,Other,אחר,weakness-view tab,
flashcards.weaknesses.tab_vowels,Vowels,תנועות,weakness-view tab,
flashcards.weaknesses.view_title,Weaknesses — {name},חולשות — {name},weakness-view modal title,
flashcards.wordlist.untitled,Untitled list,,fallback word-list name,
flashcards.words.emoji_load_failed,Failed to load emoji data.,טעינת נתוני האימוג׳י נכשלה.,emoji tree load error,
flashcards.words.load_failed,Failed to load dictionary words.,טעינת מילות המילון נכשלה.,words-pool load error,
flashcards.words.loading_dict,Loading dictionary…,טוען מילון…,words-pool count while loading,toast
flashcards.words.pool_count.one,{count} word in pool,מילה אחת במאגר,words-pool count,plural
flashcards.words.pool_count.other,{count} words in pool,{count} מילים במאגר,words-pool count,plural
fontmaker.about.about_intro,About Hebrew Font Maker. Version {version}. Developed by Harrison Bleiberg.,,about tab body,help prose
fontmaker.about.beta_tag,Beta,,header beta badge,
fontmaker.about.changelog_heading,Changelog,,about section heading,
fontmaker.about.faq_a_commercial,"That depends on the license you pick when you export. CC0 places the font in the public domain — free for any use, including commercial, with no attribution required. OFL and MIT are also free for commercial use under their terms. All Rights Reserved keeps the font yours to license as you wish. You own what you create; IvritSuite claims no rights to your fonts.",,footer FAQ answer,
fontmaker.about.faq_a_formats,"TrueType (TTF), WOFF2 for the web, and editable UFO source — each with a license you choose (CC0, OFL, MIT, or All Rights Reserved).",,footer FAQ answer,
fontmaker.about.faq_a_free,"Yes. The Hebrew Font Maker is completely free — make and download as many Hebrew fonts as you like, with no account or sign-up.",,footer FAQ answer,
fontmaker.about.faq_a_how,"Upload or scan a picture of each Hebrew letter, trace it into an outline, place the nikkud and trop anchors, then export a real font you can install.",,footer FAQ answer,
fontmaker.about.faq_a_install,"On Windows, double-click the downloaded .ttf file and choose Install. On Mac, double-click it and click Install Font in Font Book. Google Docs only uses fonts from its own catalog and cannot load a local font, so use a desktop word processor such as Word, Pages, or LibreOffice, or upload the file to a design tool like Canva instead.",,footer FAQ answer,
fontmaker.about.faq_a_marks,"Yes. As you build each letter you can anchor its nikkud and trop marks, and the exported font uses OpenType GPOS mark positioning so the marks land in the right place automatically as you type. You can also make a letters-only font and skip the marks.",,footer FAQ answer,
fontmaker.about.faq_a_nikkudtrop,Yes. The free Hebrew Font Maker positions nikkud (vowels) and cantillation (trop) automatically using OpenType mark positioning.,,footer FAQ answer,
fontmaker.about.faq_a_software,No. The Hebrew Font Maker runs entirely in your browser; the font engine loads only when you export.,,footer FAQ answer,
fontmaker.about.faq_heading,Frequently Asked Questions,,footer FAQ summary,
fontmaker.about.faq_q_commercial,Are fonts I make here free to use commercially?,,footer FAQ question,
fontmaker.about.faq_q_formats,What font formats can I export?,,footer FAQ question,
fontmaker.about.faq_q_free,Is the Hebrew Font Maker free?,,footer FAQ question,
fontmaker.about.faq_q_how,How do I make my own Hebrew font?,,footer FAQ question,
fontmaker.about.faq_q_install,"How do I install a Hebrew font on Windows, Mac, or Google Docs?",,footer FAQ question,
fontmaker.about.faq_q_marks,Do the fonts include nikkud (vowels) and cantillation (trop)?,,footer FAQ question,
fontmaker.about.faq_q_nikkudtrop,Can I make free Hebrew fonts with nikkud and trop?,,footer FAQ question,
fontmaker.about.faq_q_software,Do I need to install any software?,,footer FAQ question,
fontmaker.about.footer_about_body,"A free, experimental IvritSuite tool. Builds real fonts entirely client-side (the font engine loads on first export), with GPOS mark positioning for nikkud (mark-to-base) and cantillation/trop (mark-to-mark). Exports TrueType (TTF), WOFF2 and editable UFO source.",,footer about body,
fontmaker.about.footer_about_heading,About,,footer section heading,
fontmaker.about.footer_desktop_note,Desktop browser recommended.,,footer note,
fontmaker.about.special_thanks,"Special Thanks. Thank you to my colleagues at the Davis Academy for supporting the development of this program; to JEDLAB for being a supportive community of Jewish educators who are always willing to collaborate and share resources; to Logan Mendelsohn for his technical help, encouragement, and friendship; and to Baruch Sienna for his extensive beta testing, suggestions, and encouragement. 💛 And a very special thank you to my wife, Emily, for letting me endlessly rant about kerning, Bézier curves, and software licenses.",,about tab body,help prose
fontmaker.about.tagline,"Make your own free Hebrew font — turn your handwriting into a real, installable font with nikkud, right in your browser.",,header subtitle,
fontmaker.ad.close,Close,,picker button,
fontmaker.ad.matched,Matched: {label} template layout (page {page} of {pages}),,auto-detect summary fragment,
fontmaker.ad.no_letters_found,"No letters found. Try a lower ink threshold or Separation 0, and check that the photo is dark ink on light paper. You can also close this and box letters by hand.",,auto-detect summary,
fontmaker.ad.pick_group_aria,Assign box {id},,picker aria-label,aria-label only
fontmaker.ad.pick_taken_title,{name} already has an image or trace — assigning will replace it,,picker button title,
fontmaker.ad.pick_title,Box {id} — assign a letter,,picker title,
fontmaker.ad.remove_box,Remove box,,picker button,
fontmaker.ad.select_reassign,"Select a box to reassign, skip, or remove it.",,auto-detect summary fragment,
fontmaker.ad.skip_box,Skip this box,,picker button,
fontmaker.ad.summary_counts,{boxes} box(es) found · {expected} letters expected — {assigned} will be assigned.,,auto-detect summary,
fontmaker.ad.unassign,Unassign,,picker button,
fontmaker.ad.unassigned,{count} box(es) have no letter (dashed red) — select one to assign it.,,auto-detect summary fragment,
fontmaker.ad.unboxed,{count} letter(s) have no box — box them by hand afterwards.,,auto-detect summary fragment,
fontmaker.ad.unskip_box,Un-skip,,picker button,
fontmaker.canvas.anchor_above,"above {x},{y}",,canvas — chart anchor readout,canvas
fontmaker.canvas.anchor_below,"below {x},{y}",,canvas — chart anchor readout,canvas
fontmaker.canvas.anchor_center,"center {x},{y}",,canvas — chart anchor readout,canvas
fontmaker.canvas.chart_bare,bare,,canvas — chart column header,canvas
fontmaker.canvas.chart_dagesh,dagesh,,canvas — chart column header,canvas
fontmaker.canvas.chart_hiriq,hiriq,,canvas — chart column header,canvas
fontmaker.canvas.chart_holam,holam,,canvas — chart column header,canvas
fontmaker.canvas.chart_patach,patach,,canvas — chart column header,canvas
fontmaker.canvas.chart_qamats,qamats,,canvas — chart column header,canvas
fontmaker.canvas.chart_qubuts,qubuts,,canvas — chart column header,canvas
fontmaker.canvas.chart_segol,segol,,canvas — chart column header,canvas
fontmaker.canvas.chart_sheva,sheva,,canvas — chart column header,canvas
fontmaker.canvas.chart_tsere,tsere,,canvas — chart column header,canvas
fontmaker.canvas.continued, (continued),,canvas — specimen PDF section suffix,canvas
fontmaker.canvas.letter_nikkud,Letter × Nikkud,,canvas — specimen chart title,canvas
fontmaker.canvas.my_font,My Font,,canvas — specimen cover fallback name,canvas
fontmaker.canvas.section_custom,Custom glyphs,,canvas — specimen section title,canvas
fontmaker.canvas.section_english,English letters,,canvas — specimen section title,canvas
fontmaker.canvas.section_ladino,Ladino forms,,canvas — specimen section title,canvas
fontmaker.canvas.section_specialized,Specialized — wide letterforms,,canvas — specimen section title,canvas
fontmaker.canvas.section_yiddish,Yiddish forms,,canvas — specimen section title,canvas
fontmaker.canvas.special_forms,special & precomposed forms,,canvas — specimen cover label,canvas
fontmaker.canvas.specimen_subtitle,Hebrew Font Maker specimen · v{version},,canvas — specimen cover subtitle,canvas
fontmaker.canvas.tpl_english,English Letters,,canvas — printable template title,canvas
fontmaker.canvas.tpl_instruction,"Write one glyph per box in DARK ink, kept inside the box — the light blue grid will not scan.",,canvas — printable template subheading,canvas
fontmaker.canvas.tpl_letters,Hebrew Letters,,canvas — printable template title,canvas
fontmaker.canvas.tpl_nikkud,Vowels (Nikkud),,canvas — printable template title,canvas
fontmaker.canvas.tpl_page_of,{title} · page {n} of {total},,canvas — printable template page suffix,canvas
fontmaker.canvas.tpl_punct,Punctuation & More,,canvas — printable template title,canvas
fontmaker.canvas.tpl_trop,Trop (Cantillation),,canvas — printable template title,canvas
fontmaker.changelog.v1_0,v1.0 — Initial release. (June 2026),,changelog entry,changelog; html-stripped
fontmaker.changelog.v1_1,"v1.1 — Import an existing TTF's letter outlines, its own nikkud & trop mark shapes, and its real anchor positions — so you can fix or build on existing fonts. Exported fonts now embed the license name and a Made-with-IvritSuite attribution in their metadata. Bigger editing workspace on wide monitors. Removed the CC BY 4.0 license option. (June 2026)",,changelog entry,changelog; html-stripped
fontmaker.changelog.v1_2,"v1.2 — Size the dagesh dot and the holam on the vav (וֹ) each on their own, separate from the vowels — the standalone holam now matches the hiriq — and fine-tune any single vowel's height to line it up with the rest. Prepositive & postpositive trop (telisha gedola, yetiv, pashta, zarqa, zinor, telisha qetana) now sit toward the leading or trailing edge of their letter, the way the tradition places them. Your work is auto-saved in this browser — reopen and continue right where you left off, with a warning before you close unsaved changes. A new quality check flags outlines that cross or overlap themselves. Accessibility: full keyboard navigation, screen-reader labels, status badges that don't rely on color alone, reduced-motion support, and dark mode that follows your device. Zoom now centers on the middle of the workspace. (June 2026)",,changelog entry,changelog; html-stripped; mixed UI+content — do not translate {…}
fontmaker.changelog.v1_3,"v1.3 — Placing nikkud & trop now works like the rest of the tool: your moves apply live and you can leave a letter freely — no save dialog — with undo as the safety net. The grid now tells confirmed placements apart from ones carried over from the previous letter: a solid green ✓ means you reviewed it, a hollow amber ✓ means ""carried over — review & confirm"", and amber ! means unconfirmed. ""Save Placement"" is now an optional ✓ Confirm placement review marker. The step tabs show a per-letter checklist (✓ done / ✗ to-do / – not needed) for the letter you're on. The toolbar is now grouped — Project · History · Review · Export — with Export the clear primary action and Help moved up to the top corner. (June 2026)",,changelog entry,changelog; html-stripped
fontmaker.changelog.v1_4,"v1.4 — A new Edit shape editor lets you redesign any nikkud, dagesh, or trop mark from simple dots and bars — round or square dots, square or rounded bars — then apply your shape to the current letter or to all letters. Position each dot or bar by dragging it, nudging with the arrow keys, or typing exact X / Y coordinates — and set a dot's radius or a bar's width & height — for pixel-perfect placement; Reset restores a mark's default shape, and undo / redo (Ctrl/Cmd+Z) covers every change in the editor. The on-stage selection box hugs the mark's actual shape so a small or square mark is never hidden under the handle. (June 2026)",,changelog entry,changelog; html-stripped
fontmaker.changelog.v1_5,"v1.5 — Trop marks can now sit Left, Center, or Right of a letter, not just above or below — so each cantillation mark lands on the correct part of the glyph and look-alikes (e.g. Yetiv vs. Mahpakh, Geresh vs. Geresh Muqdam) read correctly. Every mark has a sensible default side (Segol, Zarqa, Pashta & Telisha Qetana go left; Geresh Muqdam, Deḥi, Yetiv & Telisha Gedola go right; the rest stay centered) that you can change per mark in Place Trop, with a Default spread slider for how far the side marks shift. Need a custom position on one letter? Just drag the mark (or type exact X / Y) to override that letter alone. (June 2026)",,changelog entry,changelog; html-stripped
fontmaker.changelog.v1_6,"v1.6 — New tools for spotting stacked-mark clashes. A Two marks tab in the Quality-check pairs any mark you pick (e.g. dagesh) with every other mark on every letter and flags where they overlap — handy for Babylonian pointing (vowels, dagesh & raphe all sit above) and two-vowel letters like יְרוּשָׁלִַם; the Stacked tab now also flags a vowel that collides with its trop. While placing nikkud you can preview a 2nd mark on the current letter and get a live overlap warning. Raphe now appears in the above-letter picker. (June 2026)",,changelog entry,changelog; html-stripped; mixed UI+content — do not translate {…}
fontmaker.changelog.v1_7,"v1.7 — Drawing aids for consistency. New guides: drop adjustable horizontal & vertical lines on the canvas — drag them or type an exact position — that stay put across every letter, perfect for matching stroke thicknesses & heights. Copy outline from another letter seeds the current letter from one you've already drawn (copy Tav, delete the toe → Het, He, Resh), then reshape with ✎ Edit points. And the built-in ḥataf-patach & ḥataf-kamatz now have their sh'va dots aligned. (June 2026)",,changelog entry,changelog; html-stripped
fontmaker.changelog.v1_8,"v1.8 — Kerning is easier to dial in. The big sample preview now updates live as you drag a pair's gap or add/remove pairs — not just the little two-glyph preview — so you see the effect in real words. The pair list now flags anything that won't export — ⚠ untraced glyphs or pairs still at 0 — with an ""N of M pairs will be exported"" summary, and highlights the pair you're editing. A reading-order hint clarifies that in Hebrew the first letter sits on the right, and class sides (Finals / Descenders) now show what they cover. (June 2026)",,changelog entry,changelog; html-stripped
fontmaker.changelog.v1_9,"v1.9 — More kerning power. Suggest pairs now proposes an even starting gap — set by a new Auto-tightness slider — instead of seeding zeros, so one click gets you most of the way — measured optically from the real outlines (with the correct RTL facing edges), so overhanging letters like ר & ד tuck under the next one. And you can define your own kern classes: reusable named letter groups (alongside the built-in Finals & Descenders) that you kern as a unit on either side of a pair — edit a class and every pair using it updates. (June 2026)",,changelog entry,changelog; html-stripped; mixed UI+content — do not translate {…}
fontmaker.changelog.v2_0,"v2.0 — A friendlier way in. A new Take a tour walkthrough spotlights each step right on your own workspace — start it from the welcome screen, the Help header, or Getting Started. The Export button now warms the font engine in the background as soon as you trace your first letter, so your first export is quick, and it shows what it's doing while it gets ready. When something's missing, the export warnings became clickable — tap a letter to jump straight to it — and a live “what's next?” line under the letters always points you to the next thing to do. Finally, press ? anytime for a keyboard-shortcut cheat sheet. (July 2026)",,changelog entry,changelog; html-stripped
fontmaker.changelog.v2_1,v2.1 — Custom glyphs are easier to size. The Width & margins controls now follow a letter through the Trace and Edit points steps — not just Align — so you can adjust a traced or duplicated glyph's spacing whenever you're working on its shape. Custom marks (which attach to a letter and have no width of their own) gained a Convert to main glyph button: turn a standalone symbol you built as a mark into a full glyph with its own adjustable width. And a hand-set width of zero is now respected instead of snapping back to the default. (July 2026),,changelog entry,changelog; html-stripped
fontmaker.changelog.v2_2,"v2.2 — Wide letters, Yiddish forms & custom glyphs got a big reliability pass. Nikkud and trop now attach correctly to wide letterforms and digraphs in the exported font (they used to slide to the left edge), wide forms export with smooth curves instead of chunky outlines, and a digraph's width no longer double-counts your letter spacing. The Specialized / Yiddish / Ladino tiles now show a live preview built from your own letters — including the Width slider's stretch — and clicking a form whose base isn't traced yet jumps you straight to tracing it. The Quality check now covers custom glyphs and custom marks, custom glyphs can be picked in kerning and added to the spacing sample with one click, and a custom glyph at a form's code point is protected from being overwritten at export (with a clear note on the tile). Export also warns if custom glyphs are blank or the custom-glyphs toggle is off. (July 2026)",,changelog entry,changelog; html-stripped
fontmaker.changelog.v2_3,"v2.3 — Trop placement is safer and finer-grained. The Default spread slider no longer wipes out your hand-tuned Left/Right positions — letters you've adjusted keep their spots (with a note showing how many, and a Reset all side positions button when you really want a clean slate). A spread of 0 now sticks everywhere instead of quietly snapping back to the default. Every trop layout change — the spread, a mark's Left / Center / Right switch, and the new per-mark Height nudge — is now fully undoable (Ctrl/Cmd+Z). That Height row lets you raise or lower one trop mark on every letter, so two marks sharing a side (like Pashta and Telisha Qetana) no longer collide. And Check stacking now works while placing trop, too — preview a vowel in grey and get an instant overlap warning. (July 2026)",,changelog entry,changelog; html-stripped
fontmaker.changelog.v2_4,v2.4 — Wide letterforms & digraphs: the margin bands and width line on the canvas now outline the composed form — not its base letter — so they sit at the real edges of a digraph and follow the Width slider live as you stretch. (July 2026),,changelog entry,changelog; html-stripped
fontmaker.changelog.v2_5,"v2.5 — Stretching a wide letterform no longer runs it off the edge of the canvas — the workspace now widens to fit the whole composed glyph (and its right margin) at any Width, right up to 250%. (July 2026)",,changelog entry,changelog; html-stripped
fontmaker.changelog.v2_6,"v2.6 — The Place Nikkud step for a wide letterform now makes sense: it previews the vowel right on the stretched form (where it will actually sit) and gives you a one-click “Edit nikkud on …” jump to the base letter, since a wide form's vowels follow the base — no more empty screen or a “drag the handle” hint with nothing to drag. (July 2026)",,changelog entry,changelog; html-stripped
fontmaker.changelog.v2_7,"v2.7 — The mark size sliders are now undoable (Ctrl/Cmd+Z). Resizing the Nikkud, Holam, Dagesh, Holam (vav), or Trop marks and changing your mind now puts them right back — one undo step per slider drag, just like every other placement change. (July 2026)",,changelog entry,changelog; html-stripped
fontmaker.changelog.v2_8,"v2.8 — The Place Nikkud / Trop step is tidier and works the way you'd expect. A letter's placement controls — the size sliders and the ✓ Confirm placement / Reset buttons — are now grouped right below the canvas (which fills the width), so nothing's stranded in a far-off strip. The above-mark picker now only offers marks that fit the letter (the shin/sin dots show up only on Shin), and picking any mark — Holam, Shin dot, Sin dot, or Rafe — now actually previews it on the canvas (Rafe used to do nothing). (July 2026)",,changelog entry,changelog; html-stripped
fontmaker.changelog.v2_9,"v2.9 — The Place Nikkud / Trop panel now says what each control affects. Sections are grouped by scope — “Qamats — every letter” for a vowel's Height & shape, “Below position — Alef only” for this letter's X / Y — with a short plain-language line under each, replacing one long confusing paragraph. The size sliders under the canvas now sit side-by-side with dividers, so they take one tidy row instead of a stack. (July 2026)",,changelog entry,changelog; html-stripped
fontmaker.changelog.v3_0,"v3.0 — Placement panel, take two: the size sliders under the canvas are stacked again (one per line, so each is easy to read), and the ✓ Confirm placement / Reset letter / Reset all buttons now sit together in their own panel to the right of the sliders instead of underneath them. (July 2026)",,changelog entry,changelog; html-stripped
fontmaker.changelog.v3_1,"v3.1 — Four fixes. The shin/sin dots are now edited in just one place — Special & precomposed forms (שׁ/שׂ) — instead of also appearing in the above-mark row. Tracing no longer clips your letter at an invisible box: it follows your whole reference image, so a wide letter's edges and feet come through. Reopening a saved project now shows honest letter status — untraced letters no longer look finished — and your chosen reference (tracing) font is kept when you reload. (July 2026)",,changelog entry,changelog; html-stripped; mixed UI+content — do not translate {…}
fontmaker.changelog.v3_2,"v3.2 — Undo now covers two more actions: showing/hiding guides and ✓ Confirm placement. Ctrl+Z steps back through both, just like every other edit. (July 2026)",,changelog entry,changelog; html-stripped
fontmaker.changelog.v3_3,v3.3 — Small correctness fix: nikkud and trop previews now center properly on a letter whose width is set to exactly zero (a rare edge case that previously fell back to the default width). (July 2026),,changelog entry,changelog; html-stripped
fontmaker.changelog.v3_4,"v3.4 — ""Apply outline to all letters"" now asks before overwriting each letter's own outline and line-weight settings, matching the other apply-to-all buttons. (Still undoable.) (July 2026)",,changelog entry,changelog; html-stripped
fontmaker.changelog.v3_5,"v3.5 — Autosave now also captures the opacity and overlay view sliders (template, reference image, glyph) — previously a change to only those settings could be lost if the browser closed before another edit. (July 2026)",,changelog entry,changelog; html-stripped
fontmaker.changelog.v3_6,"v3.6 — Accessibility polish. Keyboard focus now shows a clear gold outline on the letter tiles, step tabs, and buttons; the Hebrew letters in the grids are tagged as Hebrew so screen readers pronounce them with a Hebrew voice; and the on/off toggle buttons (dark mode, Default/Custom, Per Symbol/Combined, upper/lowercase, and the mark editor mode) now announce their pressed state to assistive technology. (July 2026)",,changelog entry,changelog; html-stripped
fontmaker.changelog.v3_7,"v3.7 — Edit points by keyboard. In Edit-points mode you can now select points without a mouse: , and . step to the previous / next point, and i inserts a new point after the selected one — so the existing arrow-nudge and Delete shortcuts are finally reachable keyboard-only. (July 2026)",,changelog entry,changelog; html-stripped
fontmaker.changelog.v3_8,"v3.8 — Crop from a sheet by keyboard. When cutting a letter or mark out of a ""one image, all letters"" / combined sheet, you can now do it without a mouse: the arrow keys move a crop box (Shift for smaller steps), + / − resize it, Enter crops, and Esc cancels. (July 2026)",,changelog entry,changelog; html-stripped
fontmaker.changelog.v4_0,"v4.0 — Smarter tracing and a full point-editing suite. Tracing now picks a good ink threshold automatically, can even out photo lighting, and auto-detects every letter on a combined sheet for one-click review and assignment. Edit points grew into a real outline editor: delete whole contours or stray specks, snap to guides, copy/paste points between letters, flip / rotate / scale, a selection box with move & scale handles, marquee (M) and select-all, line ↔ curve segment switches, corner rounding with a live radius preview, a pen tool (P) that draws contours point by point — even on blank glyphs like digits — and a Contours panel with per-contour colors and hide-while-editing (hidden contours still export). Imported fonts round-trip faithfully: untouched glyphs keep their exact outlines, and hand edits never silently change a glyph's width. Plus a waterfall size preview on the Spacing step. (July 2026)",,changelog entry,changelog; html-stripped
fontmaker.changelog.v4_1,"v4.1 — Auto-detect fixes. The detected-letter boxes now draw reliably in every browser — they were invisible in Firefox, which showed the sheet but not the gold boxes around each letter. And the ▦ Auto-detect letters button now sits right under the sheet, next to the page navigation, where you're already looking while boxing letters. (July 2026)",,changelog entry,changelog; html-stripped
fontmaker.changelog.v4_10,"v4.10 — Cleaner UFO exports for font editors. The UFO source export no longer invents an x-height: Hebrew has no lowercase, so that guide was just a duplicate of the cap-height line and confused font editors like Glyphs and RoboFont. The field is now simply left unset, the honest answer for a caseless font. (July 2026)",,changelog entry,changelog; html-stripped
fontmaker.changelog.v4_11,"v4.11 — More robust auto-detect review boxes. On the Auto-detect letters review screen, the outlined boxes around each detected letter now use fully self-contained sizing and styling, so they render consistently across browsers — a fix aimed at cases (notably Firefox) where the scanned sheet appeared but the boxes over it did not. (July 2026)",,changelog entry,changelog; html-stripped
fontmaker.changelog.v4_12,"v4.12 — Auto-detect review boxes render reliably in Firefox. Following up on v4.11: the detected-letter outlines are now drawn as vector paths rather than rectangles, sidestepping a Firefox quirk that collapsed the rectangle outlines to zero size — so the boxes appear over the scanned sheet as intended, in every browser. (July 2026)",,changelog entry,changelog; html-stripped
fontmaker.changelog.v4_14,"v4.14 — Auto-detect review boxes now appear in Firefox. The real culprit, finally pinned down: Firefox was hiding the entire box-overlay layer (it computed the interactive overlay group as display:none, unlike other browsers), so the detected-letter outlines and labels never showed even though the scanned sheet did. Forcing the overlay to display fixes it — the boxes now render in Firefox exactly as they do everywhere else. (July 2026)",,changelog entry,changelog; html-stripped
fontmaker.changelog.v4_15,"v4.15 — Glyph-editor warnings match the rest of the app. A few notices in the custom-glyph editor — an invalid code point, a code point that's already taken, or converting a mark that has no shape yet — used a plain browser pop-up instead of the tool's own in-app dialog. They now use the same styled dialog as every other message, so the experience is consistent throughout. (July 2026)",,changelog entry,changelog; html-stripped
fontmaker.changelog.v4_16,"v4.16 — Nikkud & trop editing controls moved beside the canvas. When you edit a vowel point or cantillation mark, its controls — the Simple editor / Upload image switch, the + Dot / + Bar buttons, the dot-size slider, and the shape toggle — now sit in the left panel next to the drawing area, instead of in a strip below it. That's the same spot the letter tools already use, so editing feels consistent, and it makes use of space that used to sit empty. (July 2026)",,changelog entry,changelog; html-stripped
fontmaker.changelog.v4_17,"v4.17 — Clicking a nikkud or trop mark opens the full shape editor. Picking a vowel point or cantillation mark in its panel now opens the same Edit-shape window used on the letter-placement screen — dots & bars, its own undo, numeric size & position fields, and one-click Apply to all letters — instead of switching the whole workspace. Marks designed from an uploaded image (and combined-sheet mode) still go straight to their image tools. (July 2026)",,changelog entry,changelog; html-stripped
fontmaker.changelog.v4_2,"v4.2 — A tidier Edit points panel. The point-editing controls are reorganized into clear zones: a sticky header with Done editing always in reach, a Select / Marquee / Pen mode switch, and a middle section that shows just the actions that apply to your current selection — with a Delete ▾ button that gathers point and contour deletion in one place. The Transform, Round corners, and Contours sections now look alike and remember whether you left them open. The long help paragraph became a short tip that changes with what you're doing, plus a ? button that jumps straight to the point-editing shortcuts — and the shortcuts sheet itself now covers every mouse trick too (double-click, Alt-click, segment dots, selection-box moves). Nothing about how editing works changed — every action, shortcut, and undo behaves exactly as before. (July 2026)",,changelog entry,changelog; html-stripped
fontmaker.changelog.v4_3,"v4.3 — Sturdier exports. Your exported font now gets a valid internal name and download filename no matter what you call it — unusual family names (with slashes, brackets, %, emoji, accents, or Hebrew letters, or a name that's only spaces) used to produce a font some programs would reject or a file saved with no name; now they're always cleaned to a safe name (falling back to MyHebrewFont if nothing usable is left). And the font's version number only ticks up when an export actually finishes — a failed engine download no longer bumps it on every retry. (July 2026)",,changelog entry,changelog; html-stripped
fontmaker.changelog.v4_4,"v4.4 — Your license always comes with your font. When you export a single TTF or WOFF2, the LICENSE.txt used to try to download by itself right after the font — which some browsers quietly block, leaving you with a font and no license. Now the Exported ✓ screen gives you a one-click ⬇ LICENSE.txt button (named after your font), so it can never be missed. The TTF + WOFF2 zip and UFO still bundle it inside as before. (July 2026)",,changelog entry,changelog; html-stripped
fontmaker.changelog.v4_5,"v4.5 — A heads-up when a letter can't keep its curves. Once in a while a traced outline is too tangled for the font engine to turn its curves into the exact form a font file needs, so it quietly falls back to straight edges for that one letter — which used to happen with no warning, leaving a font that looked faceted with no clue why. Now the Exported ✓ screen tells you exactly which letters came out with straight edges, so you can re-trace or simplify just those and export again for smooth curves. Every other letter is unaffected. (July 2026)",,changelog entry,changelog; html-stripped
fontmaker.changelog.v4_6,"v4.6 — Point editing gets a proper cockpit. Everything you use while pointing at the canvas now sits in a toolbar right above it: the Select / Marquee / Pen switch, Undo / Redo buttons (handy on a tablet), zoom, and three view toggles — Handles (show curve handles on every point, not just the selected ones), Guides (hide the guide lines while you look at a shape — snapping still works), and Snap. A slim status line under the canvas shows which letter you're editing, the live cursor position in font units, and how many points are selected, so the side panel is shorter and keeps just the actions for your selection. Your first time in, a one-line hint points the way (it retires itself after your first edit). Nothing about how editing works changed — every button, shortcut, and undo behaves exactly as before (the old hint line under the canvas is retired; the ? cheat sheet has every detail). (July 2026)",,changelog entry,changelog; html-stripped
fontmaker.changelog.v4_7,"v4.7 — Two quiet export safeguards. First: if your project somehow carries a word spacing of zero (possible in very old or hand-edited save files — the slider itself never goes below 80), the exported font used to get a zero-width space, so every word ran together; the space now always exports at least the slider's minimum width. Second: when vowels or trop are enabled, every export runs a quick shaping check to confirm the marks actually position correctly — but if that checker couldn't load (say, a flaky connection), the font downloaded anyway with only a briefly-flashed note. Now the Exported ✓ screen tells you plainly when the check was skipped, so you know to test the font before sharing it. (July 2026)",,changelog entry,changelog; html-stripped
fontmaker.changelog.v4_8,"v4.8 — Older projects export safely again. A project saved by a much older version (or edited outside the app) could be missing some of its vowel anchor points under the hood — and exporting it would fail with a generic ""Export error"" before your font ever built. The app now quietly restores any missing anchor points (in the same spots a fresh letter would get them) wherever it finds them — opening the anchor editor, previewing, or exporting — so those projects build normally; you can still fine-tune every anchor afterwards. (July 2026)",,changelog entry,changelog; html-stripped
fontmaker.changelog.v4_9,"v4.9 — Your font's version number behaves itself. Two small bookkeeping fixes: a pre-1.0 version you typed yourself (like 0.5) no longer silently becomes 1.0-something in the exported file, and the automatic per-export version tick now only sticks when a font file actually downloads — cancelling after a failed shaping check, or a WOFF2 conversion hiccup, no longer inches the version up on every retry. (July 2026)",,changelog entry,changelog; html-stripped
fontmaker.glyphname.accent_acute,Acute,,latin accent name,glyph-name
fontmaker.glyphname.accent_cedilla,Cedilla,,latin accent name,glyph-name
fontmaker.glyphname.accent_circumflex,Circumflex,,latin accent name,glyph-name
fontmaker.glyphname.accent_diaeresis,Diaeresis,,latin accent name,glyph-name
fontmaker.glyphname.accent_grave,Grave,,latin accent name,glyph-name
fontmaker.glyphname.accent_tilde,Tilde,,latin accent name,glyph-name
fontmaker.glyphname.alef,Alef,,letter tile/label name,glyph-name
fontmaker.glyphname.apostrophe,Apostrophe,,punct glyph name,glyph-name
fontmaker.glyphname.ayin,Ayin,,letter tile/label name,glyph-name
fontmaker.glyphname.bet,Bet,,letter tile/label name,glyph-name
fontmaker.glyphname.colon,Colon,,punct glyph name,glyph-name
fontmaker.glyphname.comma,Comma,,punct glyph name,glyph-name
fontmaker.glyphname.dagesh,Dagesh,,nikkud mark name,glyph-name
fontmaker.glyphname.dalet,Dalet,,letter tile/label name,glyph-name
fontmaker.glyphname.digit_0,Digit 0,,punct glyph name,glyph-name
fontmaker.glyphname.digit_1,Digit 1,,punct glyph name,glyph-name
fontmaker.glyphname.digit_2,Digit 2,,punct glyph name,glyph-name
fontmaker.glyphname.digit_3,Digit 3,,punct glyph name,glyph-name
fontmaker.glyphname.digit_4,Digit 4,,punct glyph name,glyph-name
fontmaker.glyphname.digit_5,Digit 5,,punct glyph name,glyph-name
fontmaker.glyphname.digit_6,Digit 6,,punct glyph name,glyph-name
fontmaker.glyphname.digit_7,Digit 7,,punct glyph name,glyph-name
fontmaker.glyphname.digit_8,Digit 8,,punct glyph name,glyph-name
fontmaker.glyphname.digit_9,Digit 9,,punct glyph name,glyph-name
fontmaker.glyphname.em_dash,Em Dash,,punct glyph name,glyph-name
fontmaker.glyphname.exclamation,Exclamation,,punct glyph name,glyph-name
fontmaker.glyphname.geresh,Geresh,,punct glyph name,glyph-name
fontmaker.glyphname.gershayim,Gershayim,,punct glyph name,glyph-name
fontmaker.glyphname.gimel,Gimel,,letter tile/label name,glyph-name
fontmaker.glyphname.hataf_patach,Hataf Patach,,nikkud mark name,glyph-name
fontmaker.glyphname.hataf_qamats,Hataf Qamats,,nikkud mark name,glyph-name
fontmaker.glyphname.hataf_segol,Hataf Segol,,nikkud mark name,glyph-name
fontmaker.glyphname.he,He,,letter tile/label name,glyph-name
fontmaker.glyphname.het,Het,,letter tile/label name,glyph-name
fontmaker.glyphname.hiriq,Hiriq,,nikkud mark name,glyph-name
fontmaker.glyphname.holam,Holam,,nikkud mark name,glyph-name
fontmaker.glyphname.holam_haser,Holam Haser,,nikkud mark name,glyph-name
fontmaker.glyphname.hyphen,Hyphen,,punct glyph name,glyph-name
fontmaker.glyphname.kaf,Kaf,,letter tile/label name,glyph-name
fontmaker.glyphname.kaf_sofit,Kaf sofit,,letter tile/label name,glyph-name
fontmaker.glyphname.lad_bet_rafe,Bet + rafe (בֿ),,composed form name,glyph-name; mixed UI+content — do not translate {…}
fontmaker.glyphname.lad_dalet_rafe,Dalet + rafe (דֿ),,composed form name,glyph-name; mixed UI+content — do not translate {…}
fontmaker.glyphname.lad_gimel_rafe,Gimel + rafe (גֿ),,composed form name,glyph-name; mixed UI+content — do not translate {…}
fontmaker.glyphname.lad_pe_rafe,Pe + rafe (פֿ),,composed form name,glyph-name; mixed UI+content — do not translate {…}
fontmaker.glyphname.lad_qof_rafe,Qof + rafe (קֿ),,composed form name,glyph-name; mixed UI+content — do not translate {…}
fontmaker.glyphname.lad_shin,Shin (שׁ),,composed form name,glyph-name; mixed UI+content — do not translate {…}
fontmaker.glyphname.lad_sin,Sin (שׂ),,composed form name,glyph-name; mixed UI+content — do not translate {…}
fontmaker.glyphname.lad_tet_rafe,Tet + rafe (טֿ),,composed form name,glyph-name; mixed UI+content — do not translate {…}
fontmaker.glyphname.lad_zayin_rafe,Zayin + rafe (זֿ),,composed form name,glyph-name; mixed UI+content — do not translate {…}
fontmaker.glyphname.lamed,Lamed,,letter tile/label name,glyph-name
fontmaker.glyphname.left_paren,Left Paren,,punct glyph name,glyph-name
fontmaker.glyphname.maqaf,Maqaf,,punct glyph name,glyph-name
fontmaker.glyphname.mem,Mem,,letter tile/label name,glyph-name
fontmaker.glyphname.mem_sofit,Mem sofit,,letter tile/label name,glyph-name
fontmaker.glyphname.nun,Nun,,letter tile/label name,glyph-name
fontmaker.glyphname.nun_sofit,Nun sofit,,letter tile/label name,glyph-name
fontmaker.glyphname.paseq,Paseq,,punct glyph name,glyph-name
fontmaker.glyphname.patach,Patach,,nikkud mark name,glyph-name
fontmaker.glyphname.pe,Pe,,letter tile/label name,glyph-name
fontmaker.glyphname.pe_sofit,Pe sofit,,letter tile/label name,glyph-name
fontmaker.glyphname.period,Period,,punct glyph name,glyph-name
fontmaker.glyphname.qamats,Qamats,,nikkud mark name,glyph-name
fontmaker.glyphname.qamats_qatan,Qamats Qatan,,nikkud mark name,glyph-name
fontmaker.glyphname.qof,Qof,,letter tile/label name,glyph-name
fontmaker.glyphname.qubuts,Qubuts,,nikkud mark name,glyph-name
fontmaker.glyphname.question,Question,,punct glyph name,glyph-name
fontmaker.glyphname.quote,Quote,,punct glyph name,glyph-name
fontmaker.glyphname.rafe,Rafe,,nikkud mark name,glyph-name
fontmaker.glyphname.resh,Resh,,letter tile/label name,glyph-name
fontmaker.glyphname.right_paren,Right Paren,,punct glyph name,glyph-name
fontmaker.glyphname.samekh,Samekh,,letter tile/label name,glyph-name
fontmaker.glyphname.segol,Segol,,nikkud mark name,glyph-name
fontmaker.glyphname.semicolon,Semicolon,,punct glyph name,glyph-name
fontmaker.glyphname.sheva,Sheva,,nikkud mark name,glyph-name
fontmaker.glyphname.shin,Shin,,letter tile/label name,glyph-name
fontmaker.glyphname.shin_dot,Shin dot,,nikkud mark name,glyph-name
fontmaker.glyphname.sin_dot,Sin dot,,nikkud mark name,glyph-name
fontmaker.glyphname.sof_pasuq,Sof Pasuq,,punct glyph name,glyph-name
fontmaker.glyphname.tav,Tav,,letter tile/label name,glyph-name
fontmaker.glyphname.tet,Tet,,letter tile/label name,glyph-name
fontmaker.glyphname.trop_atnah_hafukh,Atnah Hafukh,,trop mark name,glyph-name
fontmaker.glyphname.trop_darga,Darga,,trop mark name,glyph-name
fontmaker.glyphname.trop_dehi,Dehi,,trop mark name,glyph-name
fontmaker.glyphname.trop_etnahta,Etnahta,,trop mark name,glyph-name
fontmaker.glyphname.trop_geresh,Geresh,,trop mark name,glyph-name
fontmaker.glyphname.trop_geresh_muqdam,Geresh Muqdam,,trop mark name,glyph-name
fontmaker.glyphname.trop_gershayim,Gershayim,,trop mark name,glyph-name
fontmaker.glyphname.trop_iluy,Iluy,,trop mark name,glyph-name
fontmaker.glyphname.trop_mahapakh,Mahapakh,,trop mark name,glyph-name
fontmaker.glyphname.trop_merkha,Merkha,,trop mark name,glyph-name
fontmaker.glyphname.trop_merkha_kefula,Merkha Kefula,,trop mark name,glyph-name
fontmaker.glyphname.trop_meteg,Meteg,,trop mark name,glyph-name
fontmaker.glyphname.trop_munach,Munach,,trop mark name,glyph-name
fontmaker.glyphname.trop_ole,Ole,,trop mark name,glyph-name
fontmaker.glyphname.trop_pashta,Pashta,,trop mark name,glyph-name
fontmaker.glyphname.trop_pazer,Pazer,,trop mark name,glyph-name
fontmaker.glyphname.trop_qadma,Qadma,,trop mark name,glyph-name
fontmaker.glyphname.trop_qarney_para,Qarney Para,,trop mark name,glyph-name
fontmaker.glyphname.trop_revia,Revia,,trop mark name,glyph-name
fontmaker.glyphname.trop_segol,Segol,,trop mark name,glyph-name
fontmaker.glyphname.trop_shalshelet,Shalshelet,,trop mark name,glyph-name
fontmaker.glyphname.trop_telisha_gedola,Telisha Gedola,,trop mark name,glyph-name
fontmaker.glyphname.trop_telisha_qetana,Telisha Qetana,,trop mark name,glyph-name
fontmaker.glyphname.trop_tevir,Tevir,,trop mark name,glyph-name
fontmaker.glyphname.trop_tipeha,Tipeha,,trop mark name,glyph-name
fontmaker.glyphname.trop_yerah_ben_yomo,Yerah Ben Yomo,,trop mark name,glyph-name
fontmaker.glyphname.trop_yetiv,Yetiv,,trop mark name,glyph-name
fontmaker.glyphname.trop_zaqef_gadol,Zaqef Gadol,,trop mark name,glyph-name
fontmaker.glyphname.trop_zaqef_qatan,Zaqef Qatan,,trop mark name,glyph-name
fontmaker.glyphname.trop_zarqa,Zarqa,,trop mark name,glyph-name
fontmaker.glyphname.trop_zinor,Zinor,,trop mark name,glyph-name
fontmaker.glyphname.tsadi,Tsadi,,letter tile/label name,glyph-name
fontmaker.glyphname.tsadi_sofit,Tsadi sofit,,letter tile/label name,glyph-name
fontmaker.glyphname.tsere,Tsere,,nikkud mark name,glyph-name
fontmaker.glyphname.vav,Vav,,letter tile/label name,glyph-name
fontmaker.glyphname.wide_alef,Wide Alef,,composed form name,glyph-name
fontmaker.glyphname.wide_dalet,Wide Dalet,,composed form name,glyph-name
fontmaker.glyphname.wide_final_mem,Wide Final Mem,,composed form name,glyph-name
fontmaker.glyphname.wide_he,Wide He,,composed form name,glyph-name
fontmaker.glyphname.wide_kaf,Wide Kaf,,composed form name,glyph-name
fontmaker.glyphname.wide_lamed,Wide Lamed,,composed form name,glyph-name
fontmaker.glyphname.wide_resh,Wide Resh,,composed form name,glyph-name
fontmaker.glyphname.wide_tav,Wide Tav,,composed form name,glyph-name
fontmaker.glyphname.yid_fey,Fey (פֿ),,composed form name,glyph-name; mixed UI+content — do not translate {…}
fontmaker.glyphname.yid_khof,Khof (כֿ),,composed form name,glyph-name; mixed UI+content — do not translate {…}
fontmaker.glyphname.yid_komets_alef,Komets Alef (אָ),,composed form name,glyph-name; mixed UI+content — do not translate {…}
fontmaker.glyphname.yid_pasekh_alef,Pasekh Alef (אַ),,composed form name,glyph-name; mixed UI+content — do not translate {…}
fontmaker.glyphname.yid_tsvey_vovn,Tsvey Vovn (װ),,composed form name,glyph-name; mixed UI+content — do not translate {…}
fontmaker.glyphname.yid_tsvey_yudn,Tsvey Yudn (ײ),,composed form name,glyph-name; mixed UI+content — do not translate {…}
fontmaker.glyphname.yid_veys,Veys (בֿ),,composed form name,glyph-name; mixed UI+content — do not translate {…}
fontmaker.glyphname.yid_vov_yud,Vov Yud (ױ),,composed form name,glyph-name; mixed UI+content — do not translate {…}
fontmaker.glyphname.yod,Yod,,letter tile/label name,glyph-name
fontmaker.glyphname.zayin,Zayin,,letter tile/label name,glyph-name
fontmaker.help.body_anchor,"Anchoring — where the vowels go. ""Anchoring"" means showing the font where the vowel dots (nikkud) sit on each letter — and, if you want them, the cantillation marks (trop). Turn it on first: in the Nikkud (vowels) box on the left, tick Make my font Nikkud-compatible (and the same for Trop if you'd like). The 3 · Nikkud and 4 · Trop tabs then appear. Place the anchor: a handle appears on the letter — drag it to where the mark should sit. Choose which spot you're setting: Below — for most vowels, which sit under the letter. Above (Holam) — for the dot that sits on top. Dagesh (Center) — for the dot inside the letter. Tap the vowel buttons to preview different vowels in place, and use Nikkud size to scale all the marks up or down. Your moves apply live and travel with you to the next letter — when one looks right, click ✓ Confirm placement to mark it reviewed (its dot turns a solid green ✓). Confirming is optional; undo always works. Reset letter or Reset all let you start over. 💡 For tiny adjustments, drag the handle and use your arrow keys (hold Shift for extra-fine moves), or type exact X / Y values on the right. Do this for every letter so vowels line up neatly when people type.",,help tab body,help prose; contains \n; html-stripped
fontmaker.help.body_export,"Exporting & installing your font. When your letters are ready, choose a format in the picker next to ⬇ Export TTF (top-right), then click the button. It builds a real font from your work. Which format? TTF (recommended) — a normal font file to install and type with in Word, Google Docs, Canva — anywhere you choose fonts. Start here. WOFF2 (web) — a compressed font for embedding on a website. TTF + WOFF2 (zip) — both files plus a ready-to-paste @font-face CSS snippet. UFO source (zip) — an editable source for font editors (FontForge, Glyphs, RoboFont), with real curves, anchors and a features.fea. Every export comes with a LICENSE.txt — the license you picked in Font Details, with your name as author. The TTF + WOFF2 zip and the UFO keep it inside the download; a single TTF or WOFF2 offers it as a one-click ⬇ LICENSE.txt button on the Exported ✓ screen. Install the TTF: Mac: double-click the .ttf file, then click Install Font. Windows: right-click the .ttf file and choose Install. Then pick your font by name wherever you choose fonts. 💡 The very first export downloads a one-time font engine (about 8 MB), so give it a moment — after that it's quick. Check it & share it. The 🔍 QA Check button scans every letter–mark pair for collisions (see the QA Check tab), and ★ Use this Font in IvritSuite — the last item in the format picker — lets you read with your font right inside any IvritSuite tool (see the Use in IvritSuite tab). Preview PDF. The Preview PDF button (top bar) makes a printable specimen sheet — a cover page plus a chart of every letter paired with each vowel. A great way to proofread your whole font on one page before you install it. Made changes and re-exporting? The version number ticks up automatically each time. If you'd already installed an older copy, delete it first so your computer picks up the new one. (If some letters aren't traced or anchored yet, the tool warns you — those letters would come out blank.)",,help tab body,help prose; contains \n; html-stripped
fontmaker.help.body_ivritsuite,"Use this font in IvritSuite. You can read with your own font right inside any IvritSuite tool's font picker — without installing anything on your computer. Save it: choose ★ Use this Font in IvritSuite at the bottom of the export format picker and click the button — or, after any normal export, say yes to the “Save to My Fonts?” prompt. Your font is stored in this browser. Manage them: the My IvritSuite Fonts window lists everything you've saved, each with buttons to download or remove it. Keep up to 10 — saving an 11th drops the oldest. Use it: open any IvritSuite tool (e.g. Torah Trainer) in this same browser, open its font picker, and pick your font under My Fonts. Your letters, vowels and trop all render using the anchors you set here. ⚠️ Saved fonts live on this browser, on this device — this isn't a cloud account. To use a font on another computer, export the TTF and save it there too. Clearing your browser data removes saved fonts.",,help tab body,help prose; contains \n; html-stripped
fontmaker.help.body_licenses,"Choosing a license. Your license tells the world what others may do with your font. Pick one in the Font Details box — it's written into the font and into the LICENSE.txt that downloads with your export. They're listed from most open to most strict: Public Domain (CC0) — you give up all rights; anyone can use, change, sell, or share it freely, no credit needed. The most generous option. SIL Open Font License 1.1 (OFL) — the standard for free fonts: anyone may use, study, modify, and share it (even bundled in paid software), but it can't be sold on its own and must stay under the OFL. MIT — very permissive: do almost anything, just keep the copyright + permission notice. All Rights Reserved — fully proprietary: nobody may use, copy, or modify it without your written permission. The most restrictive. 💛 If you can, choose a more open license (CC0, OFL, or MIT). Open Hebrew fonts are a real gift for students, teachers, and anyone learning to read — they make your work usable in classrooms, siddurim, and projects you'll never even see. ⚠️ Every license generated here includes a Made with IvritSuite.com attribution line. This line must stay in the LICENSE file — it's what keeps the tool free for everyone.",,help tab body,help prose; contains \n; html-stripped
fontmaker.help.body_qa,"QA Check — catch collisions before you export. Click 🔍 QA Check (top bar) to open a grid showing every letter paired with every vowel and trop mark. It reads your font silently — it never changes anything. Red cells flag a real ink collision worth a look: a mark sitting on top of the letter's ink (overlapping it), or a below mark running into a letter's descender tail — the part that hangs below the line, like ך or ק. To fix one, go back to the 3 · Nikkud or 4 · Trop step for that letter and nudge its anchor (or shrink Nikkud size), then re-check. 💡 A note at the top warns when a tall mark or letter will expand the font's vertical box — that's expected and exports fine; it just means the font grew a little taller. And not every red cell is a disaster: glance at each and trust your eye.",,help tab body,help prose; contains \n; html-stripped; mixed UI+content — do not translate {…}
fontmaker.help.body_saving,"Saving your project. Your project is your work-in-progress — all your images, outlines, anchors and settings. Save it so you can come back and keep editing later. Save Project (top bar) gives you two choices. To computer downloads a single .hebrewfont file with everything packed inside — your permanent backup. In this browser keeps a quick copy on this device that you can reopen any time from Load Project ▾ → Recent. Load Project ▾ reopens a saved .hebrewfont file from your computer, or a recent in-browser save. ⚠️ This is your editable project, not the font itself. To get a font you can install and type with, see the Exporting & Installing tab. The browser copy (and the automatic safety-net save) is handy, but it is not a real backup — if you clear your browser data or switch computers, it's gone. Save “To computer” regularly to keep a file you can't lose.",,help tab body,help prose; contains \n; html-stripped
fontmaker.help.body_share,"Share your font. Made a font you're proud of? Open Hebrew fonts are a real gift to teachers, students, and siddur-makers. Here are good places to share yours. ⚠️ Wherever you share, include your LICENSE.txt (every export provides one — inside the zip/UFO, or via the ⬇ LICENSE.txt button for a single TTF/WOFF2). Most platforms below require an open license such as the SIL Open Font License (OFL) — set one in the Font Details box and re-export if needed. Google Fonts — the largest home for free fonts; once accepted, anyone can use yours on the web (OFL required). See the submission guide and onboarding docs. Open Siddur — Hebrew font pack — a curated, open-source Unicode Hebrew font collection for liturgical and educational use: opensiddur.org/help/fonts. The Open Font Library — upload and share libre fonts directly: fontlibrary.org. The Culmus Project — the long-running home of free Hebrew fonts: github.com/Culmus. Alef Alef Alef (אלף אלף אלף) — Israel's community library of free, libre Hebrew fonts; browse the collection and share your own: alefalefalef.co.il. GitHub — publish your font and its license in a public repo so others can find and improve it (also the usual first step toward Google Fonts). Add it to IvritSuite. I'd love to feature your font in the IvritSuite font library. To submit it, use the 📤 Share this font button on the export-success screen — or the ✚ Submit a font button on the Resources → Fonts page. Either one opens a pre-filled submission email to Harrison@IvritSuite.com. Fill in or confirm these details, then attach your files: Font name and type — Block / Cursive / Torah / Other. Whether it supports nikkud and trop. Its license (CC0 / OFL / MIT / Other) and version. Your name and website (optional). 📎 Attach the exported font file (TTF / OTF / WOFF) and its LICENSE.txt — the zip/UFO already include it; for a single TTF/WOFF2, grab the ⬇ LICENSE.txt button on the Exported ✓ screen. 💛 Open licenses (CC0, OFL, MIT) let your font reach classrooms, siddurim, and projects you'll never even see. If you can, share it freely.",,help tab body,help prose; contains \n; html-stripped; mixed UI+content — do not translate {…}
fontmaker.help.body_spacing,"Spacing. Open the Spacing panel on the left to control the gaps in your finished font. A live preview updates as you slide: Letter spacing — the gap between letters. Word spacing — the width of the space between words. Line spacing — the gap between lines of text. Kerning — fine-tune the gap for specific letter pairs that need it (some combinations look too tight or too loose at the default spacing). Pick the two sides, set the gap, and click Add pair — it's saved as real OpenType kerning and shows in the preview. Sample text — type any Hebrew here to see how it looks. Reset spacing puts everything back to the defaults. 💡 The preview uses your traced letters. Any letter you haven't traced yet shows up as a dashed box — that's just a placeholder, not part of your font.",,help tab body,help prose; contains \n; html-stripped
fontmaker.help.body_start,"Welcome 👋 Hebrew Font Maker turns your hand-drawn Hebrew letters into a real font you can install on your computer and type with — vowels (nikkud) and cantillation marks (trop) included. ▶ Take a tour · ⌨ Keyboard shortcuts. Here's the whole journey, start to finish: Upload a clear picture of each letter. Trace — the tool turns each picture into a clean outline. Anchor — show where the vowel dots sit on each letter. Spacing — fine-tune the gaps between letters and words. Export & install — download your finished font and use it anywhere. Use the tabs above to read about each step. You can work through them roughly in order, one letter at a time. Before you start, give your font a name in the Font Details box (top-left). The Family name is what you'll see in font menus later. The version number takes care of itself. 💡 Works best on a desktop or laptop. Your work is auto-saved in this browser as you go, but use Save Project for a real backup you can keep (see the Saving tab). Made a mistake? Undo / Redo — the ↶ ↷ buttons in the top bar, or Ctrl/⌘-Z and Ctrl/⌘-Shift-Z — step back and forth through your edits. Press ? anytime for the full list of keyboard shortcuts.",,help tab body,help prose; contains \n; html-stripped
fontmaker.help.body_templates,"Printable handwriting templates. Prefer to write on paper? Print one of these worksheets, fill the boxes with your own Hebrew, then scan or photograph the page and bring it back in here to build your font. How it works: Print a template below at actual size (100% — turn ""Fit to page"" off), on plain white paper. Write one glyph or mark per box, in dark ink. The small blue label in each corner shows what goes there — a reference glyph, its name, and its U+ code. For vowels and trop it also says below / above / center so you know where the mark sits on the letter. Scan at 300 DPI or higher (or take a straight-on, evenly-lit photo with no shadows). Save it as a PNG or a high-quality JPG. Import it on the Uploading step: choose One image with all letters, then drag a box around each glyph to cut it out. 💡 The grid prints in light blue on purpose: the tracer only keeps dark ink, so the blue boxes and labels disappear by themselves — just keep your writing dark and inside each box. (Keep the Ink threshold near its default; pushing it much higher can start to pick up the light grid.) ✍️ A black or dark-blue felt-tip or fineliner reads far better than pencil or a light ballpoint. Write boldly and fill the box. Download a template — PDF to print, or Picture for an image file. ⚠️ The Letters and English Letters sheets are two pages each — each downloads as a 2-page PDF, or as two numbered images (…_1.png, …_2.png) when you choose Picture.",,help tab body,help prose; contains \n; html-stripped
fontmaker.help.body_trace,"Tracing. Tracing turns your photo into a smooth outline the font can actually use. Open the 2 · Trace tab — the first time, it traces automatically. If it doesn't look right, nudge these: Ink threshold — how dark a spot has to be to count as ink. Slide it down if light strokes are being missed, or up if the paper/background is bleeding in. Detail (less ↔ more) — slide left for a smoother, cleaner outline; right to hug every little bump of your handwriting. Invert (light ink on dark) — turn this on if you wrote in white or light ink on a dark background. Click Re-trace to redo it with your new settings, or Clear to start the letter over. The dot turns blue once a letter is traced. Fine-tune the outline by hand. Once a letter is traced, click ✎ Edit points to tidy the shape: drag any point to move it, nudge the selected point with the arrow keys (hold Shift for bigger steps), or press Delete to remove it. Click Done editing when it looks right. 💡 The holes inside letters like ס, ם and ע are found and punched out for you automatically.",,help tab body,help prose; contains \n; html-stripped; mixed UI+content — do not translate {…}
fontmaker.help.body_upload,"Uploading your letters. You'll bring in a picture of each of the 27 Hebrew letters. Clear dark ink on white paper works best. Pick how you want to add them in the Add Letters panel on the left: One letter per image — upload one photo per letter. Simplest if you're scanning or photographing letters one at a time. One image with all letters — upload one photo of a whole sheet of letters, then pick a letter and drag a box around it to cut it out. Existing font file — already have a font file? Import it and the letters come in ready-made, so you can skip tracing entirely. Allowed files: any image — PNG, JPG, GIF or WebP. Transparent PNGs and letters drawn on a plain white background also work great. (For the Existing font file option, a TTF or OTF font file.) ✒️ Have vector artwork? Turn on Enable SVG uploading under Advanced Settings → Input mode to drop in SVG files — their vector paths become the glyph outlines directly, with no tracing. See the SVG Upload Guide there for naming one sheet so its letters auto-split. Tracing guide: a faint reference letter shows behind yours so you can line things up. On the right of the canvas, dial the Reference letter opacity slider (or untick Show reference glyph behind to hide it), and use Imported image opacity to fade your own photo in or out. Position it (the 1 · Align step): click a letter in the grid on the left, then use the adjustment buttons on the left of the canvas — Wider, Taller, Rotate, Skew — to sit your letter neatly on the guide lines. The little dot on that letter turns orange once it has an image. 🖨️ Don't have letters to scan yet? The Download Templates tab gives you printable sheets — handwrite each letter in the boxes, scan or photograph the page, then bring it in here with One image with all letters.",,help tab body,help prose; contains \n; html-stripped
fontmaker.help.sc_add_point,Add a point where you click on the outline,,shortcut description,
fontmaker.help.sc_add_sel,Add a point to the selection,,shortcut description,
fontmaker.help.sc_alt_bypass,Hold while dragging a point to bypass guide snapping,,shortcut description,
fontmaker.help.sc_box_select,On empty canvas: drag a box to select several points,,shortcut description,
fontmaker.help.sc_copy_paste,Copy the selected points / paste them into any letter,,shortcut description,
fontmaker.help.sc_crop_cancel,Cancel the crop box,,shortcut description,
fontmaker.help.sc_crop_do,Crop the boxed area,,shortcut description,
fontmaker.help.sc_crop_move,Move the crop box (first key seeds it),,shortcut description,
fontmaker.help.sc_crop_resize,Grow / shrink the box,,shortcut description,
fontmaker.help.sc_crop_smaller,Move in smaller steps,,shortcut description,
fontmaker.help.sc_del_contour,Delete the whole contour(s) of the selected points,,shortcut description,
fontmaker.help.sc_detect_close,Close the review (discards the proposal),,shortcut description,
fontmaker.help.sc_detect_move,Move into the detected boxes,,shortcut description,
fontmaker.help.sc_detect_reassign,Reassign the selected box (opens the letter picker),,shortcut description,
fontmaker.help.sc_detect_remove,Remove the selected box,,shortcut description,
fontmaker.help.sc_detect_select,Select the previous / next box,,shortcut description,
fontmaker.help.sc_esc,"Close a dialog, or exit the current step",,shortcut description,
fontmaker.help.sc_esc_leave,"Leave marquee mode, clear the selection, or leave point editing",,shortcut description,
fontmaker.help.sc_extend_sel,Extend the selection to the previous / next point,,shortcut description,
fontmaker.help.sc_fine_nudge,Fine (1-unit) nudge,,shortcut description,
fontmaker.help.sc_insert_point,Insert a point after the selected one,,shortcut description,
fontmaker.help.sc_marquee,Marquee mode — dragging anywhere (even on a point) box-selects,,shortcut description,
fontmaker.help.sc_move_box,"With 2+ selected: drag inside the box to move it (snaps to guides), or its ◻ / ▭ handles to scale (Shift = uniform)",,shortcut description,
fontmaker.help.sc_move_tabs,Move between the step tabs when one is focused,,shortcut description,
fontmaker.help.sc_next_letter,Next letter — on the Place Nikkud / Trop step,,shortcut description,
fontmaker.help.sc_nudge25,Nudge 25 units,,shortcut description,
fontmaker.help.sc_nudge5,Nudge the selected points exactly 5 units,,shortcut description,
fontmaker.help.sc_nudge_anchor,"Nudge the anchor, or the aligned image",,shortcut description,
fontmaker.help.sc_open_sheet,Open this shortcuts sheet,,shortcut description,
fontmaker.help.sc_open_tile,Open the focused letter tile,,shortcut description,
fontmaker.help.sc_pen_altclick,Place a curve point with ready-made handles (no drag needed),,shortcut description,
fontmaker.help.sc_pen_close,On the first point: close the contour,,shortcut description,
fontmaker.help.sc_pen_discard,"Discard the drawing, then exit the pen",,shortcut description,
fontmaker.help.sc_pen_move,Move the placement cursor (Shift = bigger steps),,shortcut description,
fontmaker.help.sc_pen_place,Place a point at the cursor / close the contour — a contour drawn inside another shape becomes a hole,,shortcut description,
fontmaker.help.sc_pen_remove,Remove the last placed point,,shortcut description,
fontmaker.help.sc_pen_toggle,"Toggle the pen — click places a corner, click-drag pulls a curve point",,shortcut description,
fontmaker.help.sc_prev_letter,Previous letter — on the Place Nikkud / Trop step,,shortcut description,
fontmaker.help.sc_redo,Redo,,shortcut description,
fontmaker.help.sc_remove_point,Remove the selected point,,shortcut description,
fontmaker.help.sc_seg_toggle,A segment's small dot switches it line ↔ curve,,shortcut description,
fontmaker.help.sc_sel_prevnext,Select the previous / next point,,shortcut description,
fontmaker.help.sc_select_all,Select every point,,shortcut description,
fontmaker.help.sc_toggle_sel,Toggle a point in / out of the selection,,shortcut description,
fontmaker.help.sc_toggle_smooth,Toggle a point smooth ○ / corner □,,shortcut description,
fontmaker.help.sc_undo,Undo,,shortcut description,
fontmaker.help.shortcuts_footer,"The “Edit shape” mark editor has its own undo and arrow-nudge, matching the main editor.",,shortcuts sheet footer,
fontmaker.help.shortcuts_grp_crop,Crop a letter from a sheet — Align step,,shortcuts group title,
fontmaker.help.shortcuts_grp_detect,Auto-detect review — combined sheet,,shortcuts group title,
fontmaker.help.shortcuts_grp_everywhere,Everywhere,,shortcuts group title,
fontmaker.help.shortcuts_grp_marks,Nikkud / Trop & Align placement,,shortcuts group title,
fontmaker.help.shortcuts_grp_nav,Letter navigation,,shortcuts group title,
fontmaker.help.shortcuts_grp_nodes,Point editing — Edit points,,shortcuts group title,
fontmaker.help.shortcuts_grp_pen,Pen — draw a contour (P),,shortcuts group title,
fontmaker.help.tab_about,About,,help tab name,
fontmaker.help.tab_anchor,Anchoring,,help tab name,
fontmaker.help.tab_export,Exporting & Installing,,help tab name,
fontmaker.help.tab_ivritsuite,Use in IvritSuite,,help tab name,
fontmaker.help.tab_licenses,Licenses,,help tab name,
fontmaker.help.tab_qa,QA Check,,help tab name,
fontmaker.help.tab_saving,Saving Your Project,,help tab name,
fontmaker.help.tab_share,Share my font,,help tab name,
fontmaker.help.tab_spacing,Spacing,,help tab name,
fontmaker.help.tab_start,Getting Started,,help tab name,
fontmaker.help.tab_templates,Download Templates,,help tab name,
fontmaker.help.tab_trace,Tracing,,help tab name,
fontmaker.help.tab_upload,Uploading,,help tab name,
fontmaker.me.bar_label,Bar {n},,piece list label,
fontmaker.me.bar_rounded_ends,▢ Rounded ends,,toggle button,
fontmaker.me.bar_square_ends,▭ Square ends,,toggle button,
fontmaker.me.baseline_label,letter baseline,,stage guide label,
fontmaker.me.circle,● Circle,,toggle button,
fontmaker.me.delete_piece_title,Delete this piece,,button title,
fontmaker.me.dot_label,Dot {n},,piece list label,
fontmaker.me.no_pieces,No pieces yet — add a dot or bar above.,,empty state,
fontmaker.me.simple_editor,Simple editor,,mark editor toggle,
fontmaker.me.square,■ Square,,toggle button,
fontmaker.me.upload_image,Upload image,,mark editor toggle,
fontmaker.modals.ad_apply,Apply,,button,
fontmaker.modals.ad_cancel,Cancel — discard boxes,,button,
fontmaker.modals.ad_changed_boxes,You changed {count} box(es) — re-detecting discards those edits.,,confirm inline,
fontmaker.modals.ad_discard_redetect,Discard & re-detect,,button,
fontmaker.modals.ad_ink_threshold,Ink threshold,,control label,
fontmaker.modals.ad_keep_editing,Keep editing,,button,
fontmaker.modals.ad_redetect,↻ Re-detect,,button,leading-emoji
fontmaker.modals.ad_separation,Separation,,control label,
fontmaker.modals.ad_separation_aria,"Separation — split touching letters (0 off, 5 strongest)",,slider aria-label,aria-label only
fontmaker.modals.ad_threshold_aria,Detection ink threshold override,,input aria-label,aria-label only
fontmaker.modals.ad_title,Auto-detect letters — review,,dialog title,
fontmaker.modals.ad_title_sheet,Auto-detect letters — {name},,dialog title (with sheet name),
fontmaker.modals.apply_mark_all,Are you sure? This changes how {name} looks for ALL letters in your font. It will not affect positioning.,,dialog body,
fontmaker.modals.apply_mark_letter,Are you sure? This changes how {name} looks for only {letter}. It will not affect positioning.,,dialog body,
fontmaker.modals.apply_mark_title,Apply mark shape,,dialog title,
fontmaker.modals.apply_to,Apply to {name},,dialog button,
fontmaker.modals.applyalign_apply,Apply,,button,
fontmaker.modals.applyalign_cancel,Cancel,,button,
fontmaker.modals.applyalign_desc,"Copies the current letter's position & scale (its image transform — not its traced outline) onto the letters you pick, overwriting their current alignment. You can undo it.",,dialog body,
fontmaker.modals.applyalign_none,None,,button,
fontmaker.modals.applyalign_select_all,Select all,,button,
fontmaker.modals.applyalign_title,Apply this alignment to other letters,,dialog title,
fontmaker.modals.applynikkud_center,Keep each letter horizontally centered (recommended),,checkbox label,
fontmaker.modals.applynikkud_center_hint,On: copies the vertical positions and keeps each mark centered on the target letter's own width (best when letters differ in width). Off: copies the exact X positions too.,,dialog hint,
fontmaker.modals.applynikkud_desc,"Copies where this letter's nikkud & trop marks sit (the anchor positions) onto the letters you pick, overwriting theirs. You can undo it.",,dialog body,
fontmaker.modals.applynikkud_title,Apply this positioning to other letters,,dialog title,
fontmaker.modals.ask_title,Notice,,generic dialog default title,
fontmaker.modals.build_fail_title,Build failed,,dialog title,
fontmaker.modals.cancel,Cancel,,dialog button,
fontmaker.modals.clear,Clear,,dialog button,
fontmaker.modals.clear_outline_body,This letter has hand-edited points. Clearing discards the outline and your point edits (you can still undo with Ctrl+Z afterward).,,dialog body,
fontmaker.modals.clear_outline_title,Clear this outline?,,dialog title,
fontmaker.modals.confirm_apply_outline_all,Apply this letter's outline setting and line weight to every letter? Per-letter outline tuning will be overwritten (you can undo).,,confirm dialog,
fontmaker.modals.confirm_clear_guides,Remove all guides?,,confirm dialog,
fontmaker.modals.confirm_convert_mark,Convert this mark to a main glyph? It becomes a standalone glyph with its own adjustable width and no longer attaches to letters. This cannot be undone.,,confirm dialog,
fontmaker.modals.confirm_delete_custom,Delete this custom glyph (U+{cp})? This cannot be undone.,,confirm dialog,
fontmaker.modals.confirm_delete_guide,"Delete ""{name}""?",,confirm dialog,
fontmaker.modals.confirm_delete_kernclass,Delete kern class “{name}”? Pairs that use it keep their current letters.,,confirm dialog,
fontmaker.modals.confirm_replace_cp,U+{cp} is already {who}. Adding this will REPLACE it in your exported font. Continue?,,confirm dialog,
fontmaker.modals.confirm_reset_trop_sides,Reset all Left/Right trop positions on every letter to the default spread? Per-letter fine-tuning of the side columns will be lost (you can undo).,,confirm dialog,
fontmaker.modals.confirm_this_guide,this guide,,confirm default,
fontmaker.modals.continue,Continue,,dialog button,
fontmaker.modals.continue_body,Reopen your most recent work from {time}?,,dialog body,
fontmaker.modals.continue_stripped,"Your browser couldn't keep the source photos this time — traced outlines remain, but uploaded scans may be missing.",,dialog body fragment,
fontmaker.modals.continue_title,Continue where you left off?,,dialog title,
fontmaker.modals.continue_untouched,Your saved files are untouched either way.,,dialog body fragment,
fontmaker.modals.copyoutline_cancel,Cancel,,button,
fontmaker.modals.copyoutline_copy,Copy outline,,button,
fontmaker.modals.copyoutline_desc,"Drops a letter's traced outline into this letter as a starting point — then reshape it (e.g. copy Tav and delete the toe to make Het, He or Resh) with ✎ Edit points. The current letter's width & spacing stay as they are. You can undo it.",,dialog body,html
fontmaker.modals.copyoutline_target,this letter,,dialog body inline default,
fontmaker.modals.copyoutline_title,Copy outline from another letter,,dialog title,
fontmaker.modals.copyoutline_width,Also copy width & side bearings,,checkbox label,
fontmaker.modals.couldnt_save_browser_body,This project is too large for the browser's limited storage (photos add up fast). Please use 💾 To computer instead — that always works.,,dialog body,leading-emoji
fontmaker.modals.couldnt_save_browser_title,Couldn't save in the browser,,dialog title,
fontmaker.modals.couldnt_save_title,Couldn't save,,dialog title,
fontmaker.modals.delete,Delete,,dialog button,
fontmaker.modals.delete_all,Delete all,,dialog button,
fontmaker.modals.delete_contour_body.one,This removes {count} contour ({pts} points) from {name}. You can undo with {mod}+Z.,,dialog body,plural
fontmaker.modals.delete_contour_body.other,This removes {count} contours ({pts} points) from {name}. You can undo with {mod}+Z.,,dialog body,plural
fontmaker.modals.delete_contour_title,Delete contour?,,dialog title,
fontmaker.modals.delete_outline_body,"This deletes every remaining contour of {name} — the letter goes back to untraced. Its width and mark placement are kept, and you can undo with {mod}+Z.",,dialog body,
fontmaker.modals.delete_outline_title,Delete the whole outline?,,dialog title,
fontmaker.modals.download_anyway,Download anyway,,dialog button,
fontmaker.modals.engine_fail_body,"Couldn't download the font engine. Check your internet connection, then click Export to try again.",,dialog body,
fontmaker.modals.engine_fail_title,Font engine didn't load,,dialog title,
fontmaker.modals.enter_codepoint_body,"Enter a valid Unicode code point — e.g. E000, U+05D0, or paste a character. (Basic Multilingual Plane only.)",,dialog body,
fontmaker.modals.enter_codepoint_title,Enter a code point,,dialog title,
fontmaker.modals.export_anchornote.one,"Also, {count} traced letter has no nikkud anchors yet, so vowels may sit wrong.",,dialog body fragment,plural
fontmaker.modals.export_anchornote.other,"Also, {count} traced letters have no nikkud anchors yet, so vowels may sit wrong.",,dialog body fragment,plural
fontmaker.modals.export_anyway,Export anyway,,dialog button,
fontmaker.modals.export_blank_body.one,{count} custom glyph has no outline yet and will export blank: {names}.,,dialog body,plural
fontmaker.modals.export_blank_body.other,{count} custom glyphs have no outline yet and will export blank: {names}.,,dialog body,plural
fontmaker.modals.export_blank_title,Some custom glyphs are blank,,dialog title,
fontmaker.modals.export_customoff_body,"This project has {count} custom glyphs/marks, but Add custom glyphs is off — they will not be in the exported font. Turn the toggle back on under Advanced options to include them.",,dialog body,
fontmaker.modals.export_customoff_title,Custom glyphs are turned off,,dialog title,
fontmaker.modals.export_error_title,Export error,,dialog title,
fontmaker.modals.export_nikkud_body.one,"{count} traced letter has no nikkud anchors yet — vowels may sit wrong. Click a letter to place its nikkud, or export anyway:",,dialog body,plural
fontmaker.modals.export_nikkud_body.other,"{count} traced letters have no nikkud anchors yet — vowels may sit wrong. Click a letter to place its nikkud, or export anyway:",,dialog body,plural
fontmaker.modals.export_nikkud_title,Nikkud not placed on every letter,,dialog title,
fontmaker.modals.export_untraced_body.one,This {count} core letter has no outline and will export blank.{anchorNote} Click a letter to go trace it:,,dialog body,plural
fontmaker.modals.export_untraced_body.other,These {count} core letters have no outline and will export blank.{anchorNote} Click a letter to go trace it:,,dialog body,plural
fontmaker.modals.export_untraced_title,Some letters aren't traced,,dialog title,
fontmaker.modals.export_without_them,Export without them,,dialog button,
fontmaker.modals.exported_body,Your font {name} downloaded.,,dialog body,
fontmaker.modals.exported_done,Done,,dialog button,
fontmaker.modals.exported_faceted.one,"⚠ {count} letter exported with straight edges — their curves couldn't be converted: {chars}. Re-trace or simplify those outlines, then export again for smooth curves.",,dialog warning,plural; leading-emoji; mixed UI+content — do not translate {…}
fontmaker.modals.exported_faceted.other,"⚠ {count} letters exported with straight edges — their curves couldn't be converted: {chars}. Re-trace or simplify those outlines, then export again for smooth curves.",,dialog warning,plural; leading-emoji; mixed UI+content — do not translate {…}
fontmaker.modals.exported_gate_skip,"⚠ The shaping check couldn't run (the validator failed to load). Your font downloaded, but its vowel/trop positioning wasn't verified — test it in a word processor, or export again once you're back online to run the check.",,dialog warning,leading-emoji
fontmaker.modals.exported_license,Get its ⬇ LICENSE.txt below and keep it with the font.,,dialog body fragment,
fontmaker.modals.exported_license_btn,⬇ LICENSE.txt,,dialog button,leading-emoji
fontmaker.modals.exported_myfonts_btn,★ My IvritSuite Fonts,,dialog button,leading-emoji
fontmaker.modals.exported_save,Save it to ★ My IvritSuite Fonts (this browser) to pick it in every IvritSuite tool's font selector.,,dialog body fragment,
fontmaker.modals.exported_share,Or 📤 Share this font to post it to the IvritSuite font library.,,dialog body fragment,leading-emoji
fontmaker.modals.exported_share_btn,📤 Share this font,,dialog button,leading-emoji
fontmaker.modals.exported_title,Exported ✓,,dialog title,leading-emoji
fontmaker.modals.font_import_failed_title,Font import failed,,dialog title,
fontmaker.modals.font_read_failed_title,Font read failed,,dialog title,
fontmaker.modals.glyph_exists_body,You already have a custom glyph at U+{cp}.,,dialog body,
fontmaker.modals.glyph_exists_title,Glyph already exists,,dialog title,
fontmaker.modals.gotit,Got it,,dialog button,
fontmaker.modals.help_close,Close,,help dialog button,
fontmaker.modals.help_shortcuts,⌨ Shortcuts,,help dialog button,leading-emoji
fontmaker.modals.help_take_tour,▶ Take a tour,,help dialog button,leading-emoji
fontmaker.modals.help_title,How does this work?,,help dialog title,
fontmaker.modals.import,Import,,dialog button,
fontmaker.modals.import_anchors,Import nikkud anchor positions — read where the vowels & trop attach so you can inspect and fix them.,,checkbox label,
fontmaker.modals.import_anchors_none,I'll place them automatically.,,dialog body fragment,
fontmaker.modals.import_fixing,"Fixing a broken font? Keep these on, then drag any misplaced anchors in the Nikkud step.",,dialog body,
fontmaker.modals.import_font_q,What should I take from {name}?,,dialog body,
fontmaker.modals.import_font_title,Import font,,dialog title,
fontmaker.modals.import_marks,Replace nikkud & trop shapes — use this font's own vowel & cantillation marks instead of the built-in ones.,,checkbox label,
fontmaker.modals.import_outlines,Replace letter outlines — use this font's glyph shapes for the Hebrew letters.,,checkbox label,
fontmaker.modals.kernclass_cancel,Cancel,,button,
fontmaker.modals.kernclass_desc,A named group of letters you can kern as a unit (e.g. all wide-top letters). Use it on either side of a pair; editing the class later updates every pair that uses it.,,dialog body,
fontmaker.modals.kernclass_name,Class name,,field label,
fontmaker.modals.kernclass_name_ph,e.g. Wide tops,,placeholder,
fontmaker.modals.kernclass_save,Save class,,button,
fontmaker.modals.kernclass_title_edit,Edit kern class,,dialog title,
fontmaker.modals.kernclass_title_new,New kern class,,dialog title,
fontmaker.modals.markedit_add_bar,+ Add bar,,mark-edit button,
fontmaker.modals.markedit_add_dot,+ Add dot,,mark-edit button,
fontmaker.modals.markedit_apply_all,Apply to all letters,,mark-edit button,
fontmaker.modals.markedit_apply_current,Apply to current letter,,mark-edit button,
fontmaker.modals.markedit_back,‹ Back,,mark-edit button,leading-emoji
fontmaker.modals.markedit_delete_sel,Delete selected,,mark-edit button,
fontmaker.modals.markedit_hint,"Click a piece (here or in the list) to select; drag it to move, drag the ◻ corner to resize. Bars can be any width/thickness. Build the mark from dots & bars — it's seeded from the default shape.",,mark-edit hint,
fontmaker.modals.markedit_mode_editor,Simple editor,,mark-edit toggle,
fontmaker.modals.markedit_mode_upload,Upload image,,mark-edit toggle,
fontmaker.modals.markedit_open_upload,Open image editor for this mark →,,mark-edit button,
fontmaker.modals.markedit_redo,↷ Redo,,mark-edit button,leading-emoji
fontmaker.modals.markedit_redo_title,Redo (Ctrl/Cmd+Shift+Z),,mark-edit button title,
fontmaker.modals.markedit_reset,↺ Reset,,mark-edit button,leading-emoji
fontmaker.modals.markedit_reset_title,Discard your edits and restore this mark's default shape,,mark-edit button title,
fontmaker.modals.markedit_scope_all,"Apply to all letters saves this shape as the font-wide design for {name} — every letter without its own per-letter override uses it. To reshape it for just one letter, open that letter's placement step and use ✎ Edit shape there. Neither affects positioning.",,mark-edit scope note,html
fontmaker.modals.markedit_scope_letter,"Apply to current letter changes this mark only for {name}; Apply to all letters changes it everywhere. Neither affects positioning. (A per-letter shape bakes into the font for that letter+mark pair; when another mark such as a dagesh sits between them, that combination falls back to the all-letters shape.)",,mark-edit scope note,html
fontmaker.modals.markedit_title,Edit mark shape,,mark-edit dialog title,
fontmaker.modals.markedit_undo,↶ Undo,,mark-edit button,leading-emoji
fontmaker.modals.markedit_undo_title,Undo (Ctrl/Cmd+Z),,mark-edit button title,
fontmaker.modals.markedit_upload_desc,Design this mark from an uploaded image (per-symbol or from a combined sheet) on its own editing tab — the full align & trace tools live there. Uploaded mark shapes apply to all letters.,,mark-edit upload section,
fontmaker.modals.mobilewarn_body,"The Hebrew Font Maker uses precise tracing and a lot of fine controls — it's much easier on a desktop or laptop. You're welcome to keep going on this device, but it may feel cramped.",,dialog body,
fontmaker.modals.mobilewarn_dontshow,Don't show this warning again,,checkbox label,
fontmaker.modals.mobilewarn_goback,← Go back,,button,leading-emoji
fontmaker.modals.mobilewarn_title,📱 Best on a computer,,dialog title,leading-emoji
fontmaker.modals.mobilewarn_viewanyway,View anyway,,button,
fontmaker.modals.myfonts_close,Close,,dialog button,
fontmaker.modals.myfonts_desc,Saved in this browser only. Pick them in any IvritSuite tool's font selector. Up to 10 — saving an 11th drops the oldest.,,dialog body,
fontmaker.modals.myfonts_download_title,Download this font,,row button title,
fontmaker.modals.myfonts_empty,"No saved fonts yet. Build a font, then “★ Save current font”.",,empty state,
fontmaker.modals.myfonts_remove_title,Remove from My Fonts,,row button title,
fontmaker.modals.myfonts_save_current,★ Save current font,,dialog button,leading-emoji
fontmaker.modals.myfonts_title,My IvritSuite Fonts,,dialog title,
fontmaker.modals.no_hebrew_body,That font has no outlines for the Hebrew base letters (U+05D0–05EA). Try a Hebrew font.,,dialog body,
fontmaker.modals.no_hebrew_title,No Hebrew glyphs found,,dialog title,
fontmaker.modals.no_outline_body,This mark has no outline yet — draw or upload its shape before converting.,,dialog body,
fontmaker.modals.no_outline_title,No outline yet,,dialog title,
fontmaker.modals.not_supported_idb,"This browser has no IndexedDB, so fonts can't be saved for reuse in IvritSuite.",,dialog body,
fontmaker.modals.not_supported_title,Not supported,,dialog title,
fontmaker.modals.ok,OK,,dialog button,
fontmaker.modals.open_library,Open library →,,dialog button,
fontmaker.modals.pdf_error_title,PDF error,,dialog title,
fontmaker.modals.preview_error_title,Preview error,,dialog title,
fontmaker.modals.qa_close,Close,,dialog button,
fontmaker.modals.qa_title,QA Check — placement collisions,,dialog title,
fontmaker.modals.remove,Remove,,dialog button,
fontmaker.modals.remove_font_body,Remove {name} from My Fonts? Tools using it will fall back to their default font. (This doesn't delete any file you already downloaded.),,dialog body,
fontmaker.modals.remove_font_title,Remove font?,,dialog title,
fontmaker.modals.remove_sheet_body,Remove {name} from the set? Letters you already boxed from it keep their cropped image — you just can't re-crop from it unless you add it again.,,dialog body,
fontmaker.modals.remove_sheet_this,this sheet,,dialog body default,
fontmaker.modals.remove_sheet_title,Remove this sheet?,,dialog title,
fontmaker.modals.replace_import,Replace & import,,dialog button,
fontmaker.modals.replace_letters_body.one,Replacing outlines will overwrite the {count} letter you've already drawn in this project. Continue?,,dialog body,plural
fontmaker.modals.replace_letters_body.other,Replacing outlines will overwrite the {count} letters you've already drawn in this project. Continue?,,dialog body,plural
fontmaker.modals.replace_letters_title,Replace your letters?,,dialog title,
fontmaker.modals.reset_every_body,Put the nikkud/trop anchors for all letters back to their starting positions? (You can undo this.),,dialog body,
fontmaker.modals.reset_every_title,Reset every letter?,,dialog title,
fontmaker.modals.reset_shape_body,Are you sure? This discards your dots & bars and restores the default shape for {name}. Nothing is saved to your font until you Apply.,,dialog body,
fontmaker.modals.reset_shape_title,Reset shape,,dialog title,
fontmaker.modals.reset_to_default,Reset to default,,dialog button,
fontmaker.modals.retrace,Re-trace,,dialog button,
fontmaker.modals.retrace_body,This letter has hand-edited points. Re-tracing rebuilds the outline from the image and discards your point edits (you can still undo with Ctrl+Z afterward).,,dialog body,
fontmaker.modals.retrace_title,Re-trace this letter?,,dialog title,
fontmaker.modals.save_in_browser,🌐 In this browser,,dialog button,leading-emoji
fontmaker.modals.save_project_body,Where would you like to save? “To computer” is a permanent backup file you keep. “In this browser” is a quick save that stays on this device only.,,dialog body,
fontmaker.modals.save_project_title,Save Project,,dialog title,
fontmaker.modals.save_to_computer,💾 To computer,,dialog button,leading-emoji
fontmaker.modals.saved_browser_reminder,"Heads-up: this copy lives only in this browser, on this device. If you clear your browsing data or move to another computer, it's gone. ⚠️ Use Save Project → 💾 To computer every so often so you always have a backup you can't lose.",,dialog body,leading-emoji
fontmaker.modals.saved_browser_title,Saved in this browser ✓,,dialog title,leading-emoji
fontmaker.modals.shaping_fail_body,"This usually means the mark anchors didn't take. You can still download, but vowels/trop may be misplaced.",,dialog body,
fontmaker.modals.shaping_fail_title,Shaping check failed,,dialog title,
fontmaker.modals.share_font_body,Post {name} to the IvritSuite font library. This opens the library and starts a pre-filled submission email. You'll attach your exported font file (.ttf) and license — use ⬇ Export TTF first if you haven't.,,dialog body,html
fontmaker.modals.share_font_title,Share your font,,dialog title,
fontmaker.modals.shortcuts_close,Close,,dialog button,
fontmaker.modals.shortcuts_title,⌨ Keyboard shortcuts,,dialog title,leading-emoji
fontmaker.modals.start_fresh,Start fresh,,dialog button,
fontmaker.modals.svg_import_failed_title,SVG import failed,,dialog title,
fontmaker.modals.svg_only_msg,Only SVG files can be uploaded while SVG mode is on.,,error toast/dialog,
fontmaker.modals.svgguide_body,"SVG only. With this mode on, every upload zone accepts only .svg files. The vector paths become your glyph outlines directly — there is no tracing step, so the shapes stay exact. One letter per file. Choose One letter per image, pick a letter, and drop its SVG. It opens straight on the Nikkud step with the outline already in place. Auto-split one big sheet. Put every letter in a single SVG and name each element so it maps to a glyph — set the element's id (or Inkscape label) to one of: uni05D0 / u05D0 / glyph05D0 (the Unicode hex), the literal Hebrew letter, e.g. א, the English name, e.g. Alef, Kaf-sofit. Then choose One image with all letters, drop the SVG, and matches assign automatically (or click Auto-split by name). Box the rest by hand. Anything unnamed can still be selected: drag a box around a letter on the sheet and the shapes inside it become that glyph. Auto-fit. Each imported outline is scaled to the cap height and seated on the baseline (descenders dip below). Use Edit points and the Width / side-bearing controls to fine-tune. New shapes / PUA. For glyphs that aren't standard characters, turn on Add custom glyphs and import the SVG at a Private-Use code point (U+E000–U+F8FF). Tips: group transforms are honored, so flatten/ungroup freely; convert strokes to fills first (open strokes don't fill); clipped, masked, hidden, and <use>-referenced elements are skipped.",,dialog body,contains \n; html; mixed UI+content — do not translate {…}
fontmaker.modals.svgguide_gotit,Got it,,button,
fontmaker.modals.svgguide_title,SVG Upload Guide,,dialog title,
fontmaker.modals.template_error_title,Template error,,dialog title,
fontmaker.modals.this_letter,this letter,,default fallback,
fontmaker.modals.ufo_fail_title,UFO build failed,,dialog title,
fontmaker.modals.welcome_body,"Turn your own handwriting into a real, installable Hebrew font — trace each letter, place the nikkud & trop, then export TTF/WOFF2 (or save it straight into your other IvritSuite tools). New here? The guide walks through every step.",,dialog body,
fontmaker.modals.welcome_dontshow,Don't show this again,,checkbox label,
fontmaker.modals.welcome_start_tracing,Start tracing,,button,
fontmaker.modals.welcome_take_tour,Take a tour →,,button,
fontmaker.modals.welcome_title,✍️ Welcome to the Hebrew Font Maker,,dialog title,leading-emoji
fontmaker.modals.woff2_fail_title,WOFF2 failed,,dialog title,
fontmaker.modals.your_font_default,your font,,default fallback,
fontmaker.node_editor.angle_aria,Rotation angle in degrees — positive turns counter-clockwise,,input aria-label,aria-label only
fontmaker.node_editor.angle_label,Angle°,,input label,
fontmaker.node_editor.apply,Apply,,button,
fontmaker.node_editor.contour_del_aria,Delete contour {count},,contour row aria-label,aria-label only
fontmaker.node_editor.contour_del_title,Delete this contour,,contour row title,
fontmaker.node_editor.contour_filled_aria,filled,,contour row aria-label,aria-label only
fontmaker.node_editor.contour_filled_title,Filled shape,,contour row title,
fontmaker.node_editor.contour_hide_aria,Hide contour {count} while editing (it still exports),,contour row aria-label,aria-label only
fontmaker.node_editor.contour_hide_title,Hide while editing — still exports,,contour row title,
fontmaker.node_editor.contour_hole_aria,hole,,contour row aria-label,aria-label only
fontmaker.node_editor.contour_hole_title,Hole (counter),,contour row title,
fontmaker.node_editor.contour_row,Contour {count} — {n} pts,,contour row label,
fontmaker.node_editor.contour_select_title,Select this contour's points (Shift adds to the selection),,contour row title,
fontmaker.node_editor.contour_show_aria,Show contour {count} while editing (it still exports),,contour row aria-label,aria-label only
fontmaker.node_editor.contours_empty,No contours yet — draw one with the pen (P).,,empty state,
fontmaker.node_editor.contours_hint,Colors and hiding are editing aids only — hidden contours still export and show in previews.,,disclosure hint,
fontmaker.node_editor.contours_summary,Contours ({count}),,disclosure summary,
fontmaker.node_editor.copy,Copy,,button,
fontmaker.node_editor.copy_title,Copy the selected points as new contour(s) ({mod}+C),,button title,
fontmaker.node_editor.corner,□ Corner,,button,leading-emoji
fontmaker.node_editor.corner_title,Make the selected points corners □,,button title,
fontmaker.node_editor.delete,Delete,,button,
fontmaker.node_editor.delete_contour,Delete contour,,menu item,
fontmaker.node_editor.delete_contour_key,Shift+Del,,menu item key hint,
fontmaker.node_editor.delete_contour_title,Delete every contour that has a selected point (Shift+Delete),,menu item title,
fontmaker.node_editor.delete_points,Delete points,,menu item,
fontmaker.node_editor.delete_points_key,Del,,menu item key hint,
fontmaker.node_editor.delete_title,Remove the selected points (Delete or Backspace),,button title,
fontmaker.node_editor.done_editing,Done editing,,panel button,
fontmaker.node_editor.flip_h,Flip H,,button,
fontmaker.node_editor.flip_h_title,Mirror left–right around the selection's center,,button title,
fontmaker.node_editor.flip_v,Flip V,,button,
fontmaker.node_editor.flip_v_title,Mirror top–bottom around the selection's center,,button title,
fontmaker.node_editor.guides,Guides,,node-bar toggle,
fontmaker.node_editor.guides_title,Show guide and metric lines (view only — snapping is unaffected),,node-bar toggle title,
fontmaker.node_editor.handles,Handles,,node-bar toggle,
fontmaker.node_editor.handles_title,Show curve handles on every point (off: selected points only),,node-bar toggle title,
fontmaker.node_editor.head_edit_points,Edit points · {name},,panel header,
fontmaker.node_editor.mode_marquee,Marquee,,node-mode button,
fontmaker.node_editor.mode_marquee_title,"Marquee — dragging anywhere box-selects, even from a point (M)",,node-mode button title,
fontmaker.node_editor.mode_pen,Pen,,node-mode button,
fontmaker.node_editor.mode_pen_title,Pen — draw a new contour point by point (P),,node-mode button title,
fontmaker.node_editor.mode_select,Select,,node-mode button,
fontmaker.node_editor.mode_select_title,Select — click and drag points (Esc leaves marquee or pen),,node-mode button title,
fontmaker.node_editor.more_delete_aria,More delete options,,button aria-label,aria-label only
fontmaker.node_editor.node_hint,Drag points to reshape · ? for all shortcuts,,node hint bar,
fontmaker.node_editor.node_hint_dismiss_aria,Dismiss this hint,,button aria-label,aria-label only
fontmaker.node_editor.node_hint_shortcuts_aria,All point-editing shortcuts,,button aria-label,aria-label only
fontmaker.node_editor.paste,Paste,,button,
fontmaker.node_editor.paste_title,Paste the copied contour(s) into this letter ({mod}+V),,button title,
fontmaker.node_editor.pen_cancel,✕ Cancel path,,pen button,leading-emoji
fontmaker.node_editor.pen_cancel_title,Discard the drawing and leave the pen (Esc),,pen button title,
fontmaker.node_editor.pen_lines,· click: corner · drag: curve · Enter: close · Esc: discard,,pen status lines,
fontmaker.node_editor.radius_aria,"Corner rounding radius in font units — previews live, commits on release",,slider aria-label,aria-label only
fontmaker.node_editor.radius_label,Radius,,slider label,
fontmaker.node_editor.remove_specks,Remove specks,,button,
fontmaker.node_editor.remove_specks_title,Delete all tiny stray contours (under 1% of the largest),,button title,
fontmaker.node_editor.retract,Retract,,button,
fontmaker.node_editor.retract_title,Retract handles — straighten both sides of the selected points; corners with no curve handles,,button title,
fontmaker.node_editor.rot_apply_title,Rotate by the angle entered,,button title,
fontmaker.node_editor.rot_ccw,90° ⟲,,button,
fontmaker.node_editor.rot_ccw_title,Rotate 90° counter-clockwise,,button title,
fontmaker.node_editor.rot_cw,90° ⟳,,button,
fontmaker.node_editor.rot_cw_title,Rotate 90° clockwise,,button title,
fontmaker.node_editor.round_hint,Rounds the selected □ corner points on this outline. (The Trace step's Corners slider changes how a re-trace fits instead.),,disclosure hint,
fontmaker.node_editor.round_summary,Round corners,,disclosure summary,
fontmaker.node_editor.round_summary_sel,Round corners — {count} selected,,disclosure summary,
fontmaker.node_editor.scale_apply_title,Scale by the percentage entered (about the selection's center),,button title,
fontmaker.node_editor.scale_aria,Scale percentage about the selection's center — 100 is unchanged,,input aria-label,aria-label only
fontmaker.node_editor.scale_label,Scale %,,input label,
fontmaker.node_editor.seg_why,— select 2+ adjacent points first,,button title suffix,
fontmaker.node_editor.select_all,Select all,,button,
fontmaker.node_editor.select_all_title,Select every point ({mod}+A),,button title,
fontmaker.node_editor.shortcuts_help_aria,Keyboard shortcuts for point editing,,button aria-label,aria-label only
fontmaker.node_editor.shortcuts_help_title,All point-editing shortcuts (?),,button title,
fontmaker.node_editor.smooth,○ Smooth,,button,leading-emoji
fontmaker.node_editor.smooth_title,Make the selected points smooth ○,,button title,
fontmaker.node_editor.snap,Snap,,node-bar toggle,
fontmaker.node_editor.snap_title,Snap dragged points to guides and metric lines (Alt bypasses),,node-bar toggle title,
fontmaker.node_editor.tip_default,Tip: drag points to reshape · Alt-click the outline adds a point.,,panel tip,
fontmaker.node_editor.tip_marquee,Tip: drag anywhere to box-select · Shift adds · M or Esc leaves.,,panel tip,
fontmaker.node_editor.tip_pen,Tip: a contour drawn inside another shape becomes a hole.,,panel tip,
fontmaker.node_editor.tip_selected,Tip: arrows nudge 5 units (Shift = 25) · double-click toggles ○/□.,,panel tip,
fontmaker.node_editor.to_curve,To curve,,button,
fontmaker.node_editor.to_curve_title,Make the segments between adjacent selected points curved{why},,button title,
fontmaker.node_editor.to_line,To line,,button,
fontmaker.node_editor.to_line_title,Make the segments between adjacent selected points straight{why},,button title,
fontmaker.node_editor.xform_summary_sel,Transform — {count} selected points,,disclosure summary,
fontmaker.node_editor.xform_summary_whole,Transform — whole glyph,,disclosure summary,
fontmaker.node_editor.zoom_in_title,Zoom in,,node-bar button title,
fontmaker.node_editor.zoom_out_title,Zoom out,,node-bar button title,
fontmaker.node_editor.zoom_reset,Reset,,zoom bar button,
fontmaker.node_editor.zoom_reset100_title,Reset zoom to 100%,,node-bar button title,
fontmaker.node_editor.zoom_title,Zoom the view,,zoom bar title,
fontmaker.panels.above_hint,The holam dot and rafe sit above the letter. Edit shape redesigns the selected mark.,,panel hint,
fontmaker.panels.above_hint_shin,Edit the shin/sin dots (שׁ/שׂ) in Special & precomposed forms below.,,panel hint,mixed UI+content — do not translate {…}
fontmaker.panels.add_glyph_sample,+ {name},,button,
fontmaker.panels.add_glyph_sample_title,Add {name} to the sample text (it can't be typed on a keyboard),,button title,
fontmaker.panels.add_letters,Add Letters,,side title,
fontmaker.panels.adjust_title,Adjust — {name},,side title,
fontmaker.panels.adv_add_custom,Add custom glyphs,,checkbox label,
fontmaker.panels.adv_add_english,Add English letters,,checkbox label,
fontmaker.panels.adv_add_glyphs,Add glyphs & languages,,advanced group title,
fontmaker.panels.adv_add_ladino,Add Ladino glyphs,,checkbox label,
fontmaker.panels.adv_add_special,Add specialized letters,,checkbox label,
fontmaker.panels.adv_add_yiddish,Add Yiddish glyphs,,checkbox label,
fontmaker.panels.adv_custom_hint,Adds a Custom glyphs tab (after Punctuation) where you can define glyphs at any Unicode code point — a main letter or a nikkud mark. Tip: for brand-new shapes use the Private-Use range U+E000–U+F8FF so they don't collide with standard characters.,,advanced hint,html
fontmaker.panels.adv_custom_label,Custom glyphs,,advanced control label,
fontmaker.panels.adv_enable_svg,Enable SVG uploading,,checkbox label,
fontmaker.panels.adv_english_hint,"Adds an English tab to design A–Z and a–z (with an uppercase/lowercase switch). Accent-supporting letters can carry accents (á, é, ñ, ç…). Template: PDF · PNG",,advanced hint,html
fontmaker.panels.adv_english_label,English letters,,advanced control label,
fontmaker.panels.adv_input_mode,Input mode,,advanced group title,
fontmaker.panels.adv_ladino_hint,Adds a Ladino (Judeo-Spanish) tab: the rafe / varika letters (בֿ גֿ דֿ זֿ טֿ פֿ קֿ) plus שׁ / שׂ — composed from your traced letters.,,advanced hint,mixed UI+content — do not translate {…}
fontmaker.panels.adv_ladino_label,Ladino,,advanced control label,
fontmaker.panels.adv_special_hint,"Adds a Specialized letters tab with the wide letterforms (wide alef, dalet, he, kaf, lamed, final mem, resh, tav) — auto-composed from your traced letters, each with a Width slider that adds space & stretches.",,advanced hint,html
fontmaker.panels.adv_special_label,Specialized letters,,advanced control label,
fontmaker.panels.adv_svg_hint,"Upload SVG files instead of images — vector paths become the glyph outlines directly, with no tracing. In this mode the upload zones accept SVG only. SVG Upload Guide →",,advanced hint,html
fontmaker.panels.adv_svg_label,SVG uploading,,advanced control label,
fontmaker.panels.adv_yiddish_hint,"Adds a Yiddish tab: pasekh/komets alef (אַ אָ), the rafe letters (בֿ כֿ פֿ), and the digraphs tsvey vovn / vov-yud / tsvey yudn (װ ױ ײ) — all composed from your traced letters.",,advanced hint,mixed UI+content — do not translate {…}
fontmaker.panels.adv_yiddish_label,Yiddish,,advanced control label,
fontmaker.panels.advanced,Advanced Settings,,panel title,
fontmaker.panels.align_font_hint_loaded,"Outline loaded from your font file — no tracing needed. Set the Width & margins below, then go to Nikkud to place the vowels.",,align under hint,
fontmaker.panels.align_font_hint_missing,"No glyph for this letter was found in the uploaded font. Try another font, or pick a different input mode under Add Letters on the left.",,align under hint,
fontmaker.panels.align_svg_hint_loaded,"Imported from SVG — no tracing needed. Set the Width & margins below, then go to Nikkud to place the vowels.",,align under hint,
fontmaker.panels.align_svg_hint_missing,Upload an SVG for this glyph under Add Letters on the left.,,align under hint,
fontmaker.panels.all_trop_share,"All {want}-trop share this anchor; with a vowel present, trop stacks on the vowel.",,anchor under hint fragment,
fontmaker.panels.all_under_share,All under-vowels share this anchor.,,anchor under hint fragment,
fontmaker.panels.anchor_above,Above (Holam),,anchor class button,
fontmaker.panels.anchor_below,Below,,anchor class button,
fontmaker.panels.anchor_center,Dagesh (Center),,anchor class button,
fontmaker.panels.anchor_need_trace,"Trace this letter first (step 2), or turn on “Show reference glyph behind” (right) to place nikkud on the reference.",,anchor under empty state,
fontmaker.panels.anchor_trop_above,Trop above,,anchor class button,
fontmaker.panels.anchor_trop_below,Trop below,,anchor class button,
fontmaker.panels.apply_alignment,Apply alignment to other letters…,,button,
fontmaker.panels.apply_alignment_title,Copy this letter's position & scale onto other letters,,button title,
fontmaker.panels.apply_outline_all,Apply outline to all letters,,button,
fontmaker.panels.apply_positioning,Apply positioning to other letters…,,button,
fontmaker.panels.apply_positioning_title,Copy this letter's nikkud & trop anchor positions onto other letters,,button title,
fontmaker.panels.author,Author,,field label,
fontmaker.panels.author_ph,Your name,,placeholder,
fontmaker.panels.auto_position_hint,Auto position — drag to customize.,,panel hint,
fontmaker.panels.auto_size_hint,Auto size — drag the slider to customize.,,panel hint,
fontmaker.panels.autodetect_btn,▦ Auto-detect letters,,button,leading-emoji
fontmaker.panels.autodetect_btn_title,Find every letter on this sheet automatically and review the proposed boxes,,button title,
fontmaker.panels.autosplit_by_name,Auto-split by name,,button,
fontmaker.panels.back,← Back,,button,leading-emoji
fontmaker.panels.back_to_vowels,← Back to vowels,,button,leading-emoji
fontmaker.panels.center,Center,,adjust button,
fontmaker.panels.center_h,Center ↔,,button,
fontmaker.panels.center_h_title,Center horizontally — halfway between the left and right margins,,button title,
fontmaker.panels.center_hint,The dagesh sits inside the letter body. Edit shape redesigns it.,,panel hint,
fontmaker.panels.center_v,Center ↕,,button,
fontmaker.panels.center_v_title,Center vertically — halfway between the top and base lines,,button title,
fontmaker.panels.check_stacking,Check stacking,,side title,
fontmaker.panels.check_stacking_hint,Shows the chosen mark in grey beside the one you're placing and warns if they collide — handy for Babylonian (all-above) and two-vowel letters. The QA Two marks tab sweeps every letter.,,panel hint,
fontmaker.panels.clear,Clear,,button,
fontmaker.panels.combined_allowed_img,"Allowed: any image file — PNG, JPG, GIF, WebP. You can add several sheets and flip between them.",,allowed-files note,
fontmaker.panels.combined_count,{i} of {n},,combined nav counter,
fontmaker.panels.combined_drag_hint,"Click and drag a box around the letter on the sheet, then release to bring it into the editor. Keyboard: arrows move the box, +/− resize, Enter to crop.",,center empty state,
fontmaker.panels.combined_drop_img,"Drop your sheet(s) here, or click to browse — add more than one for multi-page templates.",,drop zone,
fontmaker.panels.combined_drop_svg,"Drop your SVG sheet(s) here, or click to browse — name elements like id=""uni05D0"" for auto-split, or box each letter.",,drop zone,html
fontmaker.panels.combined_next,Next ›,,combined nav button,
fontmaker.panels.combined_prev,‹ Previous,,combined nav button,
fontmaker.panels.combined_remove_title,Remove this sheet from the set,,button title,
fontmaker.panels.combined_sheet_default,Sheet {n},,combined nav default name,
fontmaker.panels.confirm_placement,✓ Confirm placement,,button,leading-emoji
fontmaker.panels.confirm_placement_title,Marks this letter's placement as reviewed. Undo (Ctrl+Z) always works — confirming isn't required to keep your changes.,,button title,
fontmaker.panels.copy_outline,⎘ Copy outline…,,button,leading-emoji
fontmaker.panels.copy_outline_title,Start this letter from another letter's outline,,button title,
fontmaker.panels.corners,Corners (sharp ↔ round),,slider label,
fontmaker.panels.custom_add_glyph,Add glyph,,button,
fontmaker.panels.custom_add_new,+ Add a new glyph,,section heading,
fontmaker.panels.custom_attach_above,Above the letter,,option,
fontmaker.panels.custom_attach_below,Below the letter,,option,
fontmaker.panels.custom_attach_center,Center (dagesh-style),,option,
fontmaker.panels.custom_attaches,Attaches,,field label,
fontmaker.panels.custom_codepoint,Code point,,field label,
fontmaker.panels.custom_codepoint_ph,E000 or U+05D0,,placeholder,
fontmaker.panels.custom_convert_title,Convert to a main glyph (gives it its own adjustable width),,tile button title,
fontmaker.panels.custom_del_title,Delete glyph,,tile button title,
fontmaker.panels.custom_empty,No custom glyphs yet — add one below,,empty state,
fontmaker.panels.custom_glyphs_hint,"Define a glyph at any Unicode code point. Brand-new shapes work best in the Private-Use range U+E000–U+F8FF. Trace each glyph like a letter, or duplicate an existing letter and tweak it.",,panel hint,
fontmaker.panels.custom_mark_hint,"A mark attaches to a letter and has no width of its own. For a standalone symbol that needs its own spacing, choose Main glyph instead.",,panel hint,
fontmaker.panels.custom_name,Name,,field label,
fontmaker.panels.custom_name_ph,My glyph,,placeholder,
fontmaker.panels.custom_shape,Shape,,control label,
fontmaker.panels.custom_shape_dup,Duplicate a letter,,toggle button,
fontmaker.panels.custom_shape_trace,Trace new image,,toggle button,
fontmaker.panels.custom_type_main,Main glyph,,toggle button,
fontmaker.panels.custom_type_mark,Nikkud mark,,toggle button,
fontmaker.panels.customglyphs,Custom glyphs,,panel title,
fontmaker.panels.dagesh_follows_hint,"The dagesh's position follows the letter's own Dagesh (Center), so {glyph} always matches a dagesh you place on the plain letter — to move it, edit the letter's Dagesh (Center) on its Nikkud step. Its size you can set right here:",,panel hint,mixed UI+content — do not translate {…}
fontmaker.panels.dagesh_size,Dagesh size,,slider label,
fontmaker.panels.dagesh_size_hint,Sizes the dot for this form only — the regular vowel dot on other letters stays the same.,,panel hint,
fontmaker.panels.default_spread,Default spread,,control label,
fontmaker.panels.default_spread_hint,"Default distance Left/Right marks shift from center, on all letters (per-letter tweaks come after).",,panel hint,
fontmaker.panels.default_width_hint,Default width — drag the slider to customize.,,panel hint,
fontmaker.panels.detail,Detail (less ↔ more),,slider label,
fontmaker.panels.dot_size,Dot size,,slider label,
fontmaker.panels.drag_handle_hint,"Drag the handle (or arrow keys; Shift = 1 unit), or edit X/Y on the left, to position the {class} mark.",,anchor under hint,
fontmaker.panels.draw_pen,✏ Draw with pen,,button,leading-emoji
fontmaker.panels.draw_pen_title,This glyph is blank — draw its outline point by point,,button title,
fontmaker.panels.draw_pen_title2,No trace yet — draw the outline point by point instead,,button title,
fontmaker.panels.edit_nikkud_on,Edit nikkud on {name} →,,button,
fontmaker.panels.edit_points,✎ Edit points,,button,leading-emoji
fontmaker.panels.edit_shape,✎ Edit shape,,button,leading-emoji
fontmaker.panels.edit_shape_square,"✎ Edit shape (square, dots & bars)",,button,leading-emoji
fontmaker.panels.edit_shape_square_hint,Make the dot a square or redesign it. Applies to this form (via its base letter); choose “all letters” in the editor to change it everywhere.,,panel hint,
fontmaker.panels.edit_shape_title,"Redesign this mark's shape from dots & bars (or an image), then apply it to this letter or all letters",,button title,
fontmaker.panels.editing_label,Editing: {name},,current-glyph indicator,
fontmaker.panels.editing_label_glyph,Editing: {glyph} — {name},,current-glyph indicator,
fontmaker.panels.eng_accent_drag_hint,"Pick an accented form on the left, then drag the orange dot to position the accent. Accents are baked into precomposed letters (á, é, ñ, ç…) when you export.",,anchor under hint,
fontmaker.panels.eng_accents_hint,"Pick an accented form, then drag the accent into place on the canvas (or type X / Y). Each is baked into the exported font.",,panel hint,
fontmaker.panels.eng_case_lower,Lowercase a–z,,toggle button,
fontmaker.panels.eng_case_upper,Uppercase A–Z,,toggle button,
fontmaker.panels.eng_no_accents,This letter has no accented forms — it's ready once traced.,,accent panel,
fontmaker.panels.eng_no_accents_done,No accents for this letter — it's done once traced.,,anchor under hint,
fontmaker.panels.eng_place_accents,{name}: place accents,,side title,
fontmaker.panels.eng_progress,({done}/{total}),,progress readout,
fontmaker.panels.english,English,,panel title,
fontmaker.panels.even_lighting,Even out lighting (photo shadows),,checkbox label,
fontmaker.panels.even_lighting_aria,Even out lighting — remove photo shadows before tracing,,checkbox aria-label,aria-label only
fontmaker.panels.family_name,Family name,,field label,
fontmaker.panels.family_name_default,My Hebrew Hand,,field default value,
fontmaker.panels.font_allowed,Allowed: TTF or OTF font files.,,allowed-files note,
fontmaker.panels.font_details,Font Details,,panel title,
fontmaker.panels.font_drop,"Drop a font (TTF/OTF) here, or click to browse.",,drop zone,
fontmaker.panels.form_enable_tab,Enable this tab to add its forms.,,empty state,
fontmaker.panels.form_need_trace,Trace these base letters to fill in this tab:,,composed-form summary,
fontmaker.panels.form_needs,needs {chars},,tile badge,
fontmaker.panels.form_needs_title,Trace {names},,tile badge title,
fontmaker.panels.form_overrides,custom glyph overrides,,tile badge,
fontmaker.panels.form_overrides_title,"You added a custom glyph at U+{cp}; the exported font uses your custom outline, not this composed form.",,tile badge title,
fontmaker.panels.form_ready,✓ All base letters traced — ready.,,composed-form summary,leading-emoji
fontmaker.panels.guide_collapse_title,Collapse / drag to reorder,,guide handle title,
fontmaker.panels.guide_color_title,Guide color,,input title,
fontmaker.panels.guide_default_h,Horizontal,,guide default name,
fontmaker.panels.guide_default_v,Vertical,,guide default name,
fontmaker.panels.guide_delete_title,Delete this guide,,button title,
fontmaker.panels.guide_h_title,Horizontal guide,,guide orient title,
fontmaker.panels.guide_name_title,Guide name,,input title,
fontmaker.panels.guide_pos,Pos ({axis}),,label,
fontmaker.panels.guide_pos_title,{axis} position (font units),,input title,
fontmaker.panels.guide_rename,Rename,,button,
fontmaker.panels.guide_rename_title,Rename,,button title,
fontmaker.panels.guide_size,Size,,label,
fontmaker.panels.guide_style_title,Line style,,button title,
fontmaker.panels.guide_v_title,Vertical guide,,guide orient title,
fontmaker.panels.guide_weight_title,Line weight (px),,input title,
fontmaker.panels.guides,Guides,,side title,
fontmaker.panels.guides_add_h,+ Horizontal,,button,
fontmaker.panels.guides_add_v,+ Vertical,,button,
fontmaker.panels.guides_clear,Clear,,button,
fontmaker.panels.guides_empty,"Add a guide, then drag it on the canvas or type an exact position (font units). Guides stay put across every letter — handy for matching stroke thicknesses & heights.",,empty state,
fontmaker.panels.guides_show,Show guides,,checkbox label,
fontmaker.panels.halign_center,Center,,halign button,
fontmaker.panels.halign_hint,Sets where {name} sits across every letter. Position tweaks belong to the column (Left / Center / Right) — and stay with it if you switch sides.,,panel hint,
fontmaker.panels.halign_left,◀ Left,,halign button,
fontmaker.panels.halign_right,Right ▶,,halign button,
fontmaker.panels.height,Height,,control label,
fontmaker.panels.height_trop_hint,Raises or lowers just {name} on every letter — e.g. to separate two marks sharing a side.,,panel hint,
fontmaker.panels.height_vowel_hint,Height raises or lowers just {name} — on every letter. Edit shape redesigns its dots & bars.,,panel hint,
fontmaker.panels.holam_size,Holam size,,slider label,
fontmaker.panels.holam_vav_hint,Sizes the dot on every וֹ — the same Holam (vav) size control as the vav's Nikkud step. (The standalone holam on other letters is sized by Nikkud size.),,panel hint,mixed UI+content — do not translate {…}
fontmaker.panels.holam_vav_size,Holam (vav) size,,slider label,
fontmaker.panels.horizontal,Horizontal,,control label,
fontmaker.panels.ink_threshold,Ink threshold,,slider label,
fontmaker.panels.input_combined,One image with all letters,,input mode button,
fontmaker.panels.input_font,Existing font file,,input mode button,
fontmaker.panels.input_single,One letter per image,,input mode button,
fontmaker.panels.invert,Invert (light ink on dark),,checkbox label,
fontmaker.panels.kern_add,Add pair,,button,
fontmaker.panels.kern_autotightness,Auto-tightness,,slider label,
fontmaker.panels.kern_autotightness_hint,"Negative = tighter, positive = looser (font units). “Suggest pairs” seeds an even starting gap toward Auto-tightness (lower = tighter), measured optically so overhanging letters tuck in; Preview PDF shows it shaped in full.",,panel hint,
fontmaker.panels.kern_builtin,built-in,,class list tag,
fontmaker.panels.kern_class_delete_title,Delete class,,button title,
fontmaker.panels.kern_class_edit,Edit,,button,
fontmaker.panels.kern_classes,Kern classes,,control label,
fontmaker.panels.kern_classes_hint,Reusable letter groups — pick one on either side of a pair. Editing a class updates every pair that uses it.,,panel hint,
fontmaker.panels.kern_click_edit,Click to edit,,row title,
fontmaker.panels.kern_custom_glyphs,Custom glyphs,,kern class optgroup,
fontmaker.panels.kern_delete_title,Delete,,row button title,
fontmaker.panels.kern_descenders,Descenders,,kern class option,
fontmaker.panels.kern_export_skip,Pairs marked “⚠ untraced” or “set a gap” are skipped.,,panel note,
fontmaker.panels.kern_export_summary,{ready} of {total} pairs will be exported.,,panel note,
fontmaker.panels.kern_finals,Finals (ך ם ן ף ץ),,kern class option,mixed UI+content — do not translate {…}
fontmaker.panels.kern_first,First (right),,kern side label,
fontmaker.panels.kern_gap,Gap,,slider label,
fontmaker.panels.kern_new_class,+ New class,,button,
fontmaker.panels.kern_no_pairs,No pairs yet — pick two glyphs (or a class on either side) and Add.,,empty state,
fontmaker.panels.kern_preview_note,Preview shows one member of each class.,,panel hint,
fontmaker.panels.kern_reading_hint,Type the pair in reading order — in Hebrew the first letter sits on the right.,,panel hint,
fontmaker.panels.kern_second,Second (left),,kern side label,
fontmaker.panels.kern_setgap_badge,set a gap,,pair badge,
fontmaker.panels.kern_setgap_title,Pairs at 0 do nothing — drag the gap to apply.,,badge title,
fontmaker.panels.kern_single_glyph,Single glyph,,kern class option,
fontmaker.panels.kern_suggest,Suggest pairs,,button,
fontmaker.panels.kern_untraced_badge,⚠ untraced,,pair badge,leading-emoji
fontmaker.panels.kern_untraced_title,A glyph in this pair has no traced outline — it will be skipped on export.,,badge title,
fontmaker.panels.kern_update,Update pair,,button,
fontmaker.panels.kerning,Kerning,,control label,
fontmaker.panels.ladino,Ladino,,panel title,
fontmaker.panels.ladino_intro,"Ladino (Judeo-Spanish) forms: each base letter with the rafe / varika bar, composed from your traced letters.",,panel intro,
fontmaker.panels.legend_anchored,anchored,,legend label,
fontmaker.panels.legend_image,image,,legend label,
fontmaker.panels.legend_traced,traced,,legend label,
fontmaker.panels.letter_allowed_svg,Allowed: SVG only — vectors import directly (no tracing).,,allowed-files note,
fontmaker.panels.letter_drop,"Drop {kind} for {name}, or browse.",,drop zone,
fontmaker.panels.letter_progress,({done}/27),,progress readout,
fontmaker.panels.letter_spacing,Letter spacing,,slider label,
fontmaker.panels.letters,Letters,,panel title,
fontmaker.panels.license,License,,field label,
fontmaker.panels.license_arr,All Rights Reserved — most strict,,license option,
fontmaker.panels.license_cc0,Public Domain (CC0) — most open,,license option,
fontmaker.panels.license_help_title,About these licenses,,help icon title,
fontmaker.panels.license_hint,Pick how others may use your font. Every export's LICENSE.txt lists your name as author and includes a required Made with IvritSuite.com line. The version ticks up each export — edit it anytime.,,panel hint,html
fontmaker.panels.license_mit,MIT License,,license option,
fontmaker.panels.license_ofl,SIL Open Font License 1.1 (recommended),,license option,
fontmaker.panels.line_spacing,Line spacing,,slider label,
fontmaker.panels.line_weight,Line weight,,slider label,
fontmaker.panels.load_from_computer,📂 Load from computer…,,load menu item,leading-emoji
fontmaker.panels.load_no_recent,No recent projects yet — save one first.,,load menu empty,
fontmaker.panels.load_recent,Recent,,load menu heading,
fontmaker.panels.lower_mark_title,Lower this mark on every letter,,button title,
fontmaker.panels.lower_vowel_title,Lower this vowel on every letter,,button title,
fontmaker.panels.mark_allowed_img,"Allowed: any image file — PNG, JPG, GIF, WebP.",,allowed-files note,
fontmaker.panels.mark_allowed_svg,Allowed: SVG only.,,allowed-files note,
fontmaker.panels.mark_click_box,"Click a mark, then drag a box around it on the sheet. Undesigned marks use the default shape.",,panel hint,
fontmaker.panels.mark_click_design,Click a mark to design it (draw or upload). Undesigned marks use the default shape.,,panel hint,
fontmaker.panels.mark_combined,Combined,,toggle button,
fontmaker.panels.mark_coming_soon,Custom {label} marks & the built-in set are coming in the next update.,,panel hint,
fontmaker.panels.mark_compatible,Make my font {label}-compatible,,checkbox label,
fontmaker.panels.mark_drop_combined,"Drop a {svg}sheet of {label} symbols, or click to browse.",,drop zone,
fontmaker.panels.mark_mode_custom,Custom,,toggle button,
fontmaker.panels.mark_mode_default,Default,,toggle button,
fontmaker.panels.mark_per_symbol,Per Symbol,,toggle button,
fontmaker.panels.mark_pick_then_box,Then pick a symbol below and drag a box around it on the canvas.,,panel hint,
fontmaker.panels.mark_shapes,Mark shapes,,control group hint,
fontmaker.panels.mark_sheet_loaded,"Sheet loaded ✓ — pick a symbol below, then drag a box around it on the canvas.",,panel hint,leading-emoji
fontmaker.panels.mark_shevana,Add a bold Sheva Na (so na & nach stand apart),,checkbox label,
fontmaker.panels.mark_shevana_hint,"Exports a heavier sheva alongside the normal one. To make a sheva bold in Word, select the letter and turn on Stylistic Set 1; or insert the character U+E0B0 in its place. Readers can then see which sheva is mobile (na) vs. silent (nach).",,panel hint,
fontmaker.panels.mark_trop_hint,"Trop attaches to the typed letter (and stacks above/below a vowel). In Place Trop each mark can sit Left, Center, or Right of the letter — sensible defaults are set (Segol, Zarqa, Pashta & Telisha Qetana go left; Geresh Muqdam, Deḥi, Yetiv & Telisha Gedola go right) and you can change any of them. Left / Right marks land at the leading / trailing edge of their own letter — exact at a word's edge, approximate mid-word (true word-position placement isn't done).",,panel hint,
fontmaker.panels.mark_upload_mode,Upload mode,,control group hint,
fontmaker.panels.markctl_add_bar,+ Bar,,button,
fontmaker.panels.markctl_add_dot,+ Dot,,button,
fontmaker.panels.markctl_bar_rounded,▢ Rounded,,toggle button,
fontmaker.panels.markctl_bar_square,▭ Square,,toggle button,
fontmaker.panels.markctl_box_hint,"Drag a box around {name} on the sheet above to bring it into the editor. Keyboard: arrows move the box, +/− resize, Enter to crop.",,panel hint,
fontmaker.panels.markctl_circle,● Circle,,toggle button,
fontmaker.panels.markctl_combined_hint,"Combined mode: upload a sheet of {label} symbols in the sidebar first, then drag a box around {name}.",,panel hint,
fontmaker.panels.markctl_delete_sel,Delete selected,,button,
fontmaker.panels.markctl_dot_size,Dot size,,slider label,
fontmaker.panels.markctl_drop,"Drop {kind} of {name}, or browse.",,drop zone,
fontmaker.panels.markctl_hint,"Click a piece to select; drag to move, drag the ◻ corner to resize. A bar's corner can be dragged for any width/thickness. Build the mark from dots & bars — it's seeded from the default shape.",,panel hint,
fontmaker.panels.markctl_label,{label}: {name},,mark editor control label,
fontmaker.panels.markctl_letters,← Letters,,button,leading-emoji
fontmaker.panels.markctl_region_hint,"Region selected for {name}. Fine-tune below, then trace.",,panel hint,
fontmaker.panels.markctl_square,■ Square,,toggle button,
fontmaker.panels.markctl_svg_imported,Imported from SVG ✓ — re-drop to replace.,,panel hint,leading-emoji
fontmaker.panels.metric_adjust,Adjust margins manually?,,checkbox label,
fontmaker.panels.metric_baseline,Baseline,,metric field label,
fontmaker.panels.metric_baseline_drag,Baseline — drag to set,,drag handle title,
fontmaker.panels.metric_descender,Descender,,metric field label,
fontmaker.panels.metric_descender_drag,Descender — drag to set,,drag handle title,
fontmaker.panels.metric_hint,"Check Adjust margins manually? to show draggable dots: drag the left dot to slide the whole letter, the right dot to set the right margin, and width to set the advance. (The reference image stays draggable either way.)",,panel hint,
fontmaker.panels.metric_lamed_asc,Lamed asc.,,metric field label,
fontmaker.panels.metric_lamed_drag,Lamed ascender — drag to set,,drag handle title,
fontmaker.panels.metric_left_margin,Left margin,,metric field label,
fontmaker.panels.metric_lsb_drag,Left margin — drag to slide the whole letter,,drag handle title,
fontmaker.panels.metric_reset,Reset to defaults,,button,
fontmaker.panels.metric_right_margin,Right margin,,metric field label,
fontmaker.panels.metric_rsb_drag,Right margin — drag,,drag handle title,
fontmaker.panels.metric_this_letter,{name} (this letter),,metric sub-heading,
fontmaker.panels.metric_top,Top (cap),,metric field label,
fontmaker.panels.metric_top_drag,Top (cap height) — drag to set,,drag handle title,
fontmaker.panels.metric_whole_font,Whole font,,metric sub-heading,
fontmaker.panels.metric_width,Width,,metric field label,
fontmaker.panels.metric_width_drag,Letter width (advance) — drag,,drag handle title,
fontmaker.panels.metrics_title,Letter Metrics,,workspace side title,
fontmaker.panels.moves_xy_hint,Moves {what} on {name} only.,,panel hint,
fontmaker.panels.narrower,Narrower,,adjust button,
fontmaker.panels.next,Next ▶,,nav button,
fontmaker.panels.next_char,Next ({char}) ▶,,nav button,
fontmaker.panels.next_nikkud,Next: Nikkud →,,next button,
fontmaker.panels.next_title,Next letter ( ] ) — stays on this step,,nav button title,
fontmaker.panels.next_trace,Next: Trace →,,next button,
fontmaker.panels.nexthint_next,Next up: {name} — {count} to go.,,next-step hint,
fontmaker.panels.nexthint_nikkud,Letters done! Place nikkud on {name} — {count} to go.,,next-step hint,
fontmaker.panels.nexthint_qa,"All 27 letters ready — run QA Check, then Export.",,next-step hint,
fontmaker.panels.nexthint_start,Start by uploading and tracing your first letter.,,next-step hint,
fontmaker.panels.nikkud,Nikkud (vowels),,panel title,
fontmaker.panels.nikkud_side,Nikkud,,side title,
fontmaker.panels.nikkud_size,Nikkud size,,slider label,
fontmaker.panels.outline_only,Outline only? (hollow “bubble” letter),,checkbox label,
fontmaker.panels.outline_title,Outline — {name},,side title,
fontmaker.panels.overlap_ok,✓ No overlap with {name}.,,panel note,leading-emoji
fontmaker.panels.overlap_warn,⚠ {a} overlaps {b} on this letter.,,panel warning,leading-emoji
fontmaker.panels.pick_then_box,"Pick a letter, then drag a box around it on the sheet to bring it into the editor. Keyboard: arrows move the box, +/− resize, Enter to crop.",,panel hint,
fontmaker.panels.pill_carried,↩ Carried over — review,,placement pill,leading-emoji
fontmaker.panels.pill_carried_title,"These positions were carried from the previous letter. Review them, then Confirm.",,pill title,
fontmaker.panels.pill_unconfirmed,! Unconfirmed,,placement pill,
fontmaker.panels.pill_unconfirmed_title,"This letter's placement hasn't been confirmed yet. Adjust if needed, then Confirm — undo always works.",,pill title,
fontmaker.panels.place_precomp_title,Place {glyph} — {name},,side title,mixed UI+content — do not translate {…}
fontmaker.panels.place_the,{name}: place the…,,side title,
fontmaker.panels.placement_confirmed,✓ Placement confirmed,,button,leading-emoji
fontmaker.panels.pos_title,{class} position — {name} only,,side title,
fontmaker.panels.precomp_dot_hint,Sizes the dot for this form only — the regular vowel dot on other letters stays the same.,,panel hint,
fontmaker.panels.precomp_drag_hint,"Placing a precomposed form — drag the orange dot on the canvas, or type X / Y on the left. Your change is saved automatically.",,anchor under hint,
fontmaker.panels.precomp_where_hint,"Where the mark sits in the combined glyph. Drag the orange dot on the canvas, or type X / Y. Affects this precomposed form only — saved automatically.",,panel hint,
fontmaker.panels.precompform_title,Place the {name} for {glyph},,form button title,mixed UI+content — do not translate {…}
fontmaker.panels.prev,◀ Prev,,nav button,
fontmaker.panels.prev_char,◀ Prev ({char}),,nav button,
fontmaker.panels.prev_title,Previous letter ( [ ) — stays on this step,,nav button title,
fontmaker.panels.preview_2nd_mark,Preview a 2nd mark on this letter,,field label,
fontmaker.panels.preview_above_mark,Preview above-mark,,side title,
fontmaker.panels.preview_center_mark,Preview center mark,,side title,
fontmaker.panels.preview_none,(none),,option,
fontmaker.panels.preview_trop,Preview trop,,side title,
fontmaker.panels.preview_under_vowel,Preview under-vowel,,side title,
fontmaker.panels.preview_vowel,Preview vowel,,control label,
fontmaker.panels.punct,Punctuation & More,,panel title,
fontmaker.panels.punct_include,Include digits & punctuation in my font,,checkbox label,
fontmaker.panels.punct_off_hint,Currently off: these glyphs are skipped on export and have no practice page. Turn it on to include them.,,panel hint,
fontmaker.panels.punct_on_hint,Included in the exported font & the Punctuation practice template. Trace each one like a letter — digits start blank; punctuation comes pre-shaped.,,panel hint,
fontmaker.panels.raise_mark_title,Raise this mark on every letter,,button title,
fontmaker.panels.raise_vowel_title,Raise this vowel on every letter,,button title,
fontmaker.panels.reference_font,Reference font (tracing guide),,field label,
fontmaker.panels.reference_show,Show reference glyph behind,,checkbox label,
fontmaker.panels.reference_title,Reference,,side title,
fontmaker.panels.reference_upload,⬆ Upload your own reference font,,button,leading-emoji
fontmaker.panels.reference_upload_allowed,Allowed: TTF or OTF font files.,,allowed-files note,
fontmaker.panels.region_selected,Region selected for {name}.,,panel hint,
fontmaker.panels.reselect_area,↺ Re-select area,,button,leading-emoji
fontmaker.panels.reserved_name,Reserved name,,field label,
fontmaker.panels.reset_all,Reset all,,button,
fontmaker.panels.reset_auto_size,Reset to auto size,,button,
fontmaker.panels.reset_letter,Reset letter,,button,
fontmaker.panels.reset_mark_height_title,Reset this mark's height,,button title,
fontmaker.panels.reset_side_positions,Reset all side positions,,button,
fontmaker.panels.reset_side_positions_title,Re-seed every letter's Left/Right columns from its center ± spread (undoable),,button title,
fontmaker.panels.reset_spacing,Reset spacing,,button,
fontmaker.panels.reset_to_auto,Reset to auto,,button,
fontmaker.panels.reset_vowel_height_title,Reset this vowel's height,,button title,
fontmaker.panels.reset_width,Reset width,,button,
fontmaker.panels.retrace,Re-trace,,button,
fontmaker.panels.rotate_ccw,⟲ Rotate,,adjust button,leading-emoji
fontmaker.panels.rotate_cw,⟳ Rotate,,adjust button,leading-emoji
fontmaker.panels.sample_text,Sample text,,field label,
fontmaker.panels.scale_minus,Scale −,,adjust button,
fontmaker.panels.scale_plus,Scale +,,adjust button,
fontmaker.panels.shorter,Shorter,,adjust button,
fontmaker.panels.side_positions_kept,{count} letter's hand-tuned side positions kept — the slider only moves columns still at the default.,,panel note,
fontmaker.panels.size_hint,"Nikkud size scales the vowels and the shin/sin dot (unless a שׁ/שׂ form has its own Dot size, which wins). Holam size controls just the standalone holam dot above the letter, so you can make it thinner than the below vowels. Dagesh size controls just the dagesh dot.",,panel hint,mixed UI+content — do not translate {…}
fontmaker.panels.size_hint_vav,"Holam (vav) size controls just the dot on the vav (וֹ), so you can grow it as part of the letter.",,panel hint,mixed UI+content — do not translate {…}
fontmaker.panels.skew_left,Skew ⟍,,adjust button,
fontmaker.panels.skew_right,Skew ⟋,,adjust button,
fontmaker.panels.slider_img_opacity,Imported image opacity,,slider label,
fontmaker.panels.slider_letter_opacity,Letter opacity,,slider label,
fontmaker.panels.slider_ref_opacity,Reference letter opacity,,slider label,
fontmaker.panels.spacing,Spacing,,panel title,
fontmaker.panels.spacing_hint,Adjusts the exported font's spacing (letter & word advance widths + line gap). The preview uses your traced letters — untraced letters show as dashed boxes.,,panel hint,
fontmaker.panels.spacing_title,Spacing,,control label,
fontmaker.panels.special_intro,"Wide letterforms — auto-composed from your traced letters. Pick one, then use the Width slider (it both adds side space and stretches). Insert them by their Unicode code point.",,panel intro,
fontmaker.panels.special_precomposed,Special & precomposed forms,,side title,
fontmaker.panels.special_precomposed_hint,Set where the dot sits in the combined glyph (e.g. שׁ / שׂ).,,panel hint,mixed UI+content — do not translate {…}
fontmaker.panels.specialforms,Specialized letters,,panel title,
fontmaker.panels.svg_outline_hint,"Imported from SVG — no tracing needed. Fine-tune the shape with Edit points, or re-upload under Add Letters to replace it.",,panel hint,
fontmaker.panels.taller,Taller,,adjust button,
fontmaker.panels.trace_hint,"Lower threshold captures lighter ink; higher detail hugs the ink more closely (more nodes). Corners sets how sharp a turn must be to stay a crisp corner — slide right to round more of them into smooth curves. Counters (ס, ם, ע) punch out automatically. Turn on Outline only for hollow “bubble” letters — line weight sets the ring thickness.",,panel hint,mixed UI+content — do not translate {…}
fontmaker.panels.trace_info,{count} contour(s) · adv {adv},,trace readout,
fontmaker.panels.trace_title,Trace — {name},,side title,
fontmaker.panels.trace_under_font,"This letter came from a font file, so it's already vectorized — no tracing needed. Go to Nikkud.",,trace under hint,
fontmaker.panels.trace_under_svg,"Imported from SVG — already vectorized. Fine-tune points if you like, then go to Nikkud.",,trace under hint,
fontmaker.panels.traced_readout,{traced} / {total} letters traced,,readout,
fontmaker.panels.traced_readout_title,Core Hebrew letters with an outline traced,,legend readout title,
fontmaker.panels.trop,Trop (cantillation),,panel title,
fontmaker.panels.trop_every_letter,{name} — every letter,,side title,
fontmaker.panels.trop_size,Trop size,,slider label,
fontmaker.panels.version,Version,,field label,
fontmaker.panels.version_title,Edit it freely — also ticks up on each export.,,field title,
fontmaker.panels.vowel_every_letter,{name} — every letter,,side title,
fontmaker.panels.waterfall_summary,Waterfall — sample at several sizes,,disclosure summary,
fontmaker.panels.wide_auto_hint,Auto-composed from your traced {bases}. The Width slider both adds side space and stretches the outline — saved automatically.,,panel hint,
fontmaker.panels.wide_need_trace,Trace {names} first — this form is auto-composed from {bases}.,,wide-form panel,
fontmaker.panels.wide_nikkud_hint,"Vowels on this wide form follow {name}'s placement, stretched to fit — so they stay consistent with the plain letter. Preview one below; to move it, edit the nikkud on {name}.",,panel hint,
fontmaker.panels.wide_vowels_follow,"This wide form's vowels follow its base letter — size it with the Width slider on the left, and edit the vowel positions on the base letter.",,anchor under hint,
fontmaker.panels.wider,Wider,,adjust button,
fontmaker.panels.width,Width,,slider label,
fontmaker.panels.word_spacing,Word spacing,,slider label,
fontmaker.panels.word_spacing_hint,Word spacing is also the width of the Space (U+0020) glyph.,,panel hint,
fontmaker.panels.xy_what_above,the above mark,,xy hint fragment,
fontmaker.panels.xy_what_below,all under-vowels,,xy hint fragment,
fontmaker.panels.xy_what_center,the dagesh,,xy hint fragment,
fontmaker.panels.xy_what_trop,this mark's column,,xy hint fragment,
fontmaker.panels.yiddish,Yiddish,,panel title,
fontmaker.panels.yiddish_intro,"Yiddish forms, composed from your traced letters: pasekh / komets alef, the rafe letters (בֿ כֿ פֿ), and the vov/yud digraphs (װ ױ ײ).",,panel intro,mixed UI+content — do not translate {…}
fontmaker.qa.buildcheck_needs,⚠ needs {chars},,QA build-check status,leading-emoji
fontmaker.qa.buildcheck_ready,✓ ready,,QA build-check status,leading-emoji
fontmaker.qa.buildcheck_title,Yiddish / Ladino composed forms — build check,,QA build-check title,
fontmaker.qa.no_marks,No {kind} marks are enabled for this font.,,QA empty state,
fontmaker.qa.notready.one,{count} composed form not yet ready — see the build check below.,,QA summary,plural
fontmaker.qa.notready.other,{count} composed forms not yet ready — see the build check below.,,QA summary,plural
fontmaker.qa.outline_warn.one,⚠ {count} glyph with self-intersecting or overlapping outlines: {names}. These can fill incorrectly (inverted) in some apps — edit the nodes or re-trace to fix.,,QA summary,plural; leading-emoji
fontmaker.qa.outline_warn.other,⚠ {count} glyphs with self-intersecting or overlapping outlines: {names}. These can fill incorrectly (inverted) in some apps — edit the nodes or re-trace to fix.,,QA summary,plural; leading-emoji
fontmaker.qa.pair_hint,"Red = the two marks' ink overlaps. Same-class pairs (e.g. two below-vowels) share one anchor, so they always overlap — that's expected. Cross-class clashes (e.g. a raised dagesh meeting an above-vowel) are real and fixable by moving an anchor.",,QA pair control,
fontmaker.qa.pair_stack,Stack,,QA pair control label,
fontmaker.qa.pair_with,"with every other mark, on each letter.",,QA pair control,
fontmaker.qa.section_custom,Custom glyphs,,QA section header,
fontmaker.qa.section_special,Specialized (wide letters),,QA section header,
fontmaker.qa.summary_clear,✓ All placements clear. Hover a cell for details; click any cell to jump to its anchor editor.,,QA summary,leading-emoji
fontmaker.qa.summary_needs.one,{count} placement needs attention (red cells). Hover for the reason; click a cell to jump to its anchor editor.,,QA summary,plural
fontmaker.qa.summary_needs.other,{count} placements need attention (red cells). Hover for the reason; click a cell to jump to its anchor editor.,,QA summary,plural
fontmaker.qa.tab_nikkud,Nikkud,,QA tab,
fontmaker.qa.tab_pairs,Two marks,,QA tab,
fontmaker.qa.tab_stacked,Stacked,,QA tab,
fontmaker.qa.tab_trop,Trop,,QA tab,
fontmaker.qa.tall_warn,⚠ Tall artwork — export will expand the clip box to {asc} / {desc} (asc/desc) so Word won't clip it.,,QA summary,leading-emoji
fontmaker.status.added_custom_glyph,Added custom glyph U+{cp}.,,toast,
fontmaker.status.added_pairs.one,Added {count} pair at an even starting gap — fine-tune any.,,toast,plural
fontmaker.status.added_pairs.other,Added {count} pairs at an even starting gap — fine-tune any.,,toast,plural
fontmaker.status.applied_alignment.one,Applied alignment to {count} letter.,,toast,plural
fontmaker.status.applied_alignment.other,Applied alignment to {count} letters.,,toast,plural
fontmaker.status.applied_nikkud.one,Applied nikkud positioning to {count} letter.,,toast,plural
fontmaker.status.applied_nikkud.other,Applied nikkud positioning to {count} letters.,,toast,plural
fontmaker.status.area_selected,"{name}: area selected — align, then trace.",,toast,
fontmaker.status.assigned_letters.one,"Assigned {count} letter from the sheet — open each to align, then trace. Box any others by hand.",,toast,plural
fontmaker.status.assigned_letters.other,"Assigned {count} letters from the sheet — open each to align, then trace. Box any others by hand.",,toast,plural
fontmaker.status.autoassigned_svg.one,Auto-assigned {count} letter from named SVG elements.,,toast,plural
fontmaker.status.autoassigned_svg.other,Auto-assigned {count} letters from named SVG elements.,,toast,plural
fontmaker.status.box_others,Box any others by hand.,,toast fragment,
fontmaker.status.building_font,Building font…,,toast,
fontmaker.status.building_font_preview,Building font for preview…,,toast,
fontmaker.status.building_preview_pdf,Building preview PDF…,,toast,
fontmaker.status.building_template,Building {title} template…,,toast,
fontmaker.status.building_ufo,Building UFO…,,toast,
fontmaker.status.compressing_woff2,Compressing WOFF2…,,toast,
fontmaker.status.converted_main,Converted U+{cp} to a main glyph — set its width under Letter Metrics.,,toast,
fontmaker.status.copied_contours.one,Copied {count} contour — open another letter's Edit points and press {mod}+V.,,toast,plural
fontmaker.status.copied_contours.other,Copied {count} contours — open another letter's Edit points and press {mod}+V.,,toast,plural
fontmaker.status.copied_outline,Copied outline from {name} — reshape it with “✎ Edit points”.,,toast,
fontmaker.status.copy_min_points,Select at least 3 points on a contour to copy.,,toast,
fontmaker.status.crop_box_help,Crop box — arrows move · +/− resize · Enter to crop · Esc to cancel.,,toast,
fontmaker.status.deleted_contours.one,Deleted {count} contour.,,toast,plural
fontmaker.status.deleted_contours.other,Deleted {count} contours.,,toast,plural
fontmaker.status.deleted_custom_glyph,Deleted custom glyph U+{cp}.,,toast,
fontmaker.status.detecting_letters,Detecting letters…,,toast,
fontmaker.status.drew_contour,Drew a {count}-point contour.,,toast,
fontmaker.status.drew_contour_hole,"It landed inside another contour, so it punched out as a hole.",,toast fragment,
fontmaker.status.engine_ready,Font engine ready.,,toast,
fontmaker.status.export_no_wasm,Heads up: this browser may not support font export (needs WASM + FontFace).,,toast,
fontmaker.status.exported_ttf,Exported {name}.ttf ✓,,toast,leading-emoji
fontmaker.status.exported_ttf_skipped,Exported {name}.ttf (shaping check skipped),,toast,
fontmaker.status.exported_ufo,"Exported {name}.ufo.zip ✓ (UFO source — cubic curves, anchors & features.fea)",,toast,leading-emoji
fontmaker.status.exported_woff2,Exported {name}.woff2 ✓,,toast,leading-emoji
fontmaker.status.exported_zip,Exported {name}.zip ✓ (TTF + WOFF2 + @font-face CSS + LICENSE),,toast,leading-emoji
fontmaker.status.font_read_fail,Could not read that font file.,,toast,
fontmaker.status.give_class_name,Give the class a name.,,toast,
fontmaker.status.import_anchors_auto,Anchors placed automatically (couldn't read the font's).,,toast fragment,
fontmaker.status.import_anchors_none,No anchor data in the font — anchors placed automatically.,,toast fragment,
fontmaker.status.import_anchors_ok.one,"Anchors imported for {count} letter — fix any that look off, then export.",,toast fragment,plural
fontmaker.status.import_anchors_ok.other,"Anchors imported for {count} letters — fix any that look off, then export.",,toast fragment,plural
fontmaker.status.import_kept_outlines,Kept your current outlines.,,toast,
fontmaker.status.import_loaded_letters,Loaded {n}/27 letters from {file}.,,toast,
fontmaker.status.import_no_marks,(No mark glyphs found to import.),,toast fragment,
fontmaker.status.import_replaced_marks.one,Replaced {count} nikkud/trop mark shape.,,toast fragment,plural
fontmaker.status.import_replaced_marks.other,Replaced {count} nikkud/trop mark shapes.,,toast fragment,plural
fontmaker.status.import_set_nikkud,"Set nikkud, then export.",,toast fragment,
fontmaker.status.import_turn_on_trop,Turn on Trop to use its cantillation marks.,,toast fragment,
fontmaker.status.imported_svg,Imported SVG for {name}.,,toast,
fontmaker.status.importing_font,Importing font…,,toast,
fontmaker.status.installing_fonttools,Installing fontTools…,,toast,
fontmaker.status.kept_points.one,Kept {count} point — a contour needs at least 3. Use Delete contour (Shift+Delete) to remove the whole contour.,,toast,plural
fontmaker.status.kept_points.other,Kept {count} points — a contour needs at least 3. Use Delete contour (Shift+Delete) to remove the whole contour.,,toast,plural
fontmaker.status.kern_class_saved,Kern class saved.,,toast,
fontmaker.status.load_svg_first,Load an SVG sheet first.,,toast,
fontmaker.status.loaded_image,Loaded image for {name}.,,toast,
fontmaker.status.loaded_named,Loaded “{name}”.,,toast,
fontmaker.status.loading_engine,Loading font engine (one-time ~8 MB)…,,toast,
fontmaker.status.lt_anchored,anchors placed,,tile status word,glyph-name/do-not-translate the single-char badge (A)
fontmaker.status.lt_img,"image uploaded, not traced",,tile status word,glyph-name/do-not-translate the single-char badge (I)
fontmaker.status.lt_inherited,placement carried over — review & confirm,,tile status word,glyph-name/do-not-translate the single-char badge (✓)
fontmaker.status.lt_not_started,not started,,tile status word fallback,
fontmaker.status.lt_saved,placement confirmed,,tile status word,glyph-name/do-not-translate the single-char badge (✓)
fontmaker.status.lt_traced,traced,,tile status word,glyph-name/do-not-translate the single-char badge (T)
fontmaker.status.lt_unconfirmed,placement unconfirmed — review & confirm,,tile status word,glyph-name/do-not-translate the single-char badge (!)
fontmaker.status.mark_design_here,"Design this mark from an image here, then return to placing nikkud.",,toast,
fontmaker.status.mark_sheet_loaded,"{label} sheet loaded. Pick a symbol, then drag a box around it.",,toast,
fontmaker.status.new_project,New project.,,toast,
fontmaker.status.no_boxes_assigned,No boxes are assigned to letters — nothing to apply.,,toast,
fontmaker.status.no_compression,This browser can't open compressed projects.,,toast,
fontmaker.status.no_ink,No ink detected — adjust threshold / invert.,,toast,
fontmaker.status.no_new_pairs,"No new pairs need adjusting — trace more letters, lengthen the sample, or change Auto-tightness.",,toast,
fontmaker.status.no_outline_to_copy,No other letters have a traced outline to copy yet.,,toast,
fontmaker.status.no_specks,No specks found — every contour is at least 1% of the largest.,,toast,
fontmaker.status.no_specks_one_contour,No specks found — the glyph has only one contour.,,toast,
fontmaker.status.no_svg_matched,"No SVG elements matched a letter name. Box each letter by hand, or name elements like id=""uni05D0"".",,toast,html
fontmaker.status.no_vector_in_box,No vector shapes inside that box — drag around a letter.,,toast,
fontmaker.status.not_fontmaker_file,Not a Font Maker project file.,,toast,
fontmaker.status.not_valid_project,Not a valid project file.,,toast,
fontmaker.status.nothing_selected,Nothing selected — import cancelled.,,toast,
fontmaker.status.open_create_first,Open or create a project first.,,toast,
fontmaker.status.outline_cleared,{name}: outline cleared — re-trace or upload to start again.,,toast,
fontmaker.status.pasted_contours.one,Pasted {count} contour.,,toast,plural
fontmaker.status.pasted_contours.other,Pasted {count} contours.,,toast,plural
fontmaker.status.pen_min_points,"Place at least 3 points, then click the first point (or press Enter) to close.",,toast,
fontmaker.status.pick_class_letter,Pick at least one letter for the class.,,toast,
fontmaker.status.pick_glyph_side,Pick a glyph or class for each side.,,toast,
fontmaker.status.pick_traced_outline,Pick a letter that has a traced outline.,,toast,
fontmaker.status.placement_confirmed,Placement confirmed for {name} ✓,,toast,leading-emoji
fontmaker.status.preparing_letters,Preparing {i} / {total} letters…,,toast,
fontmaker.status.preview_pdf_saved,Preview PDF saved.,,toast,
fontmaker.status.project_loaded,Project loaded.,,toast,
fontmaker.status.project_saved_computer,Project saved to your computer (.hebrewfont).,,toast,
fontmaker.status.project_saved_computer2,Project saved to your computer.,,toast,
fontmaker.status.reading_anchors,Reading anchor positions…,,toast,
fontmaker.status.reading_font,Reading font…,,toast,
fontmaker.status.removed_specks.one,Removed {count} speck contour.,,toast,plural
fontmaker.status.removed_specks.other,Removed {count} speck contours.,,toast,plural
fontmaker.status.reopened_recent,Reopened your most recent work.,,toast,
fontmaker.status.saved_browser,Saved in this browser ✓  ·  reopen from Load Project ▾ → Recent,,toast,leading-emoji
fontmaker.status.saved_myfonts,Saved “{name}” to My Fonts ✓,,toast,leading-emoji
fontmaker.status.set_anchors_first,Set the nikkud anchors first.,,toast,
fontmaker.status.sheet_not_loaded,Sheet image is not loaded.,,toast,
fontmaker.status.sheet_removed,Sheet removed.,,toast,
fontmaker.status.smoothed.one,Smoothed {count} corner,,toast,plural
fontmaker.status.smoothed.other,Smoothed {count} corners,,toast,plural
fontmaker.status.smoothed_skipped,", skipped {count} (too tight for this radius).",,toast fragment,
fontmaker.status.starting_export,Starting export…,,toast,
fontmaker.status.svg_sheet_loaded,"SVG sheet loaded. Drag a box around a letter, or name elements like id=""uni05D0"" and click Auto-split by name.",,toast,html
fontmaker.status.template_font_loaded,Template font “{name}” loaded.,,toast,
fontmaker.status.tile_aria,{name} — {status},,tile aria-label,aria-label only
fontmaker.status.trace_first,Trace at least one letter first.,,toast,
fontmaker.status.trace_first_jump,Trace {name} first — it builds {form}. Jumped there.,,toast,
fontmaker.status.trace_first_preview,"Trace at least one letter first, then Preview PDF.",,toast,
fontmaker.status.upload_sheet_first,Upload a sheet first.,,toast,
fontmaker.status.validating_shaping,Validating shaping…,,toast,
fontmaker.status.vector_selected,{name}: vector selected from the SVG sheet.,,toast,
fontmaker.tabs.cat_advanced,Advanced Settings,,category tab,
fontmaker.tabs.cat_customglyphs,Custom glyphs,,category tab,
fontmaker.tabs.cat_english,English,,category tab,
fontmaker.tabs.cat_fontdetails,Font Details,,category tab,
fontmaker.tabs.cat_ladino,Ladino,,category tab,
fontmaker.tabs.cat_letter,Letters,,category tab,
fontmaker.tabs.cat_nikkud,Nikkud,,category tab,
fontmaker.tabs.cat_punct,Punctuation,,category tab,
fontmaker.tabs.cat_spacing,Spacing,,category tab,
fontmaker.tabs.cat_specialforms,Specialized letters,,category tab,
fontmaker.tabs.cat_trop,Trop,,category tab,
fontmaker.tabs.cat_yiddish,Yiddish,,category tab,
fontmaker.tabs.step_accents,3 · Place Accent Marks,,workflow tab (english),
fontmaker.tabs.step_align,1 · Align,,workflow tab,
fontmaker.tabs.step_design,Design,,workflow tab (mark editor),
fontmaker.tabs.step_nikkud,3 · Place Nikkud,,workflow tab,
fontmaker.tabs.step_trace,2 · Trace,,workflow tab,
fontmaker.tabs.step_trop,4 · Place Trop,,workflow tab,
fontmaker.tabs.tick_done,done,,step tab aria/title suffix,
fontmaker.tabs.tick_na,not needed for this glyph,,step tab aria/title suffix,
fontmaker.tabs.tick_todo,not done yet,,step tab aria/title suffix,
fontmaker.templates.english_meta,A–Z & a–z · 2 pages,,templates tab row meta,
fontmaker.templates.export_pdf,PDF,,templates tab button,
fontmaker.templates.export_png,Picture (PNG),,templates tab button,
fontmaker.templates.letters_meta,27 letters · 2 pages,,templates tab row meta,
fontmaker.templates.nikkud_meta,16 marks · 1 page,,templates tab row meta,
fontmaker.templates.punct_meta,digits & punctuation · 1 page,,templates tab row meta,
fontmaker.templates.trop_meta,31 marks · 1 page,,templates tab row meta,
fontmaker.toolbar.engine_badge,engine loading…,,toolbar status badge,
fontmaker.toolbar.engine_badge_title,Getting the font engine ready so your first export is fast,,badge title,
fontmaker.toolbar.export_btn,⬇ Export TTF,,toolbar button,leading-emoji
fontmaker.toolbar.export_format_title,Choose an export format — or save the font for use in IvritSuite,,select title,
fontmaker.toolbar.fmt_ttf,TTF (recommended),,export format option,
fontmaker.toolbar.fmt_ttfwoff2,TTF + WOFF2 (zip),,export format option,
fontmaker.toolbar.fmt_ufo,UFO source (zip),,export format option,
fontmaker.toolbar.fmt_woff2,WOFF2 (web),,export format option,
fontmaker.toolbar.help,❓ Help,,toolbar button,leading-emoji
fontmaker.toolbar.help_title,A plain-language guide to the whole tool,,toolbar button title,
fontmaker.toolbar.home,← Home,,toolbar link,leading-emoji
fontmaker.toolbar.load_project,Load Project ▾,,toolbar button,
fontmaker.toolbar.new,New,,toolbar button,
fontmaker.toolbar.preview_pdf,Preview PDF,,toolbar button,
fontmaker.toolbar.qa_check,🔍 QA Check,,toolbar button,leading-emoji
fontmaker.toolbar.qa_check_title,Review every letter × mark placement for collisions,,toolbar button title,
fontmaker.toolbar.redo_aria,Redo,,aria-label only,aria-label only
fontmaker.toolbar.redo_title,Redo (Ctrl+Shift+Z),,toolbar button title,
fontmaker.toolbar.save_project,Save Project,,toolbar button,
fontmaker.toolbar.undo_aria,Undo,,aria-label only,aria-label only
fontmaker.toolbar.undo_title,Undo (Ctrl+Z),,toolbar button title,
fontmaker.tour.firstrun_link,Take a tour →,,First-run tour link,first-run affordance
fontmaker.tour.launch_button,▶ Take a tour,,Welcome-modal / header tour-launch button,leading-symbol
fontmaker.tour.step_1_body,Every Hebrew letter lives here. The little dot on each tile shows its status.,,tour step body,
fontmaker.tour.step_1_title,Your letters,,tour step title,
fontmaker.tour.step_2_body,Upload a photo of a letter (or one sheet of all of them) and line it up on the canvas.,,tour step body,
fontmaker.tour.step_2_title,Step 1 — Align,,tour step title,
fontmaker.tour.step_3_body,Tracing turns your picture into a real font outline. You can fine-tune every point.,,tour step body,
fontmaker.tour.step_3_title,Step 2 — Trace,,tour step title,
fontmaker.tour.step_4_body,Show each vowel where to sit under (or above) your letter.,,tour step body,
fontmaker.tour.step_4_title,Step 3 — Place Nikkud,,tour step title,
fontmaker.tour.step_5_body,Type any Hebrew here to watch your font come to life as you go.,,tour step body,
fontmaker.tour.step_5_title,Spacing preview,,tour step title,
fontmaker.tour.step_6_body,"Before exporting, this scans every letter × vowel combination for collisions.",,tour step body,
fontmaker.tour.step_6_title,QA Check,,tour step title,
fontmaker.tour.step_7_body,"When you're ready, download a real installable font — TTF, WOFF2, or UFO.",,tour step body,
fontmaker.tour.step_7_title,Export your font,,tour step title,
fontmaker.whohas.optional_form,{name} (an optional composed form),,glyph-owner phrase,
fontmaker.whohas.precomposed,a precomposed form,,glyph-owner phrase,
fontmaker.whohas.shevana,the Sheva Na slot,,glyph-owner phrase,
fontmaker.whohas.space,the space,,glyph-owner phrase,
home.alltools.copy_button,Copy to Clipboard,,button,
home.alltools.copy_done,✓ Copied,,button state,leading-emoji
home.alltools.copy_err_empty,Nothing to copy — export first.,,alert,
home.alltools.copy_reset,Copy,,button state (reset after copy),
home.alltools.drop_text,Drop an <b>AllTools .ivrit</b> file here to restore everything,,drop zone,html
home.alltools.erase_button,🗑 Erase All Settings,,button,leading-emoji
home.alltools.erase_confirm1,"⚠️ WARNING: This will permanently erase ALL presets, saved schedules, settings, and saved fonts for every IvritSuite tool.\n\nThis cannot be undone. Export a backup first if you want to keep your data.\n\nAre you sure you want to erase everything?",,confirm,leading-emoji; contains \n
home.alltools.erase_confirm2,Final confirmation: erase all Hebrew Blender data on this device?,,confirm,
home.alltools.erase_success,All settings and presets have been erased.,,alert,
home.alltools.export_button,⬇ Export All Settings,,button (manual mode),leading-emoji
home.alltools.import_button,⬆ Import All Settings,,button (manual mode),leading-emoji
home.alltools.import_confirm,This will overwrite your current dashboard settings and merge all imported presets and schedules. Continue?,,confirm,
home.alltools.import_err_empty,Paste an exported settings block first.,,alert,
home.alltools.import_err_json,Invalid JSON — please paste the full export block.,,alert,
home.alltools.import_err_notexport,This doesn't look like a Hebrew Blender export. Make sure you copied the full block.,,alert,
home.alltools.import_failed,Import failed: {message},,alert,template
home.alltools.import_success,Import successful! Reload the Dashboard to apply all settings.,,alert,
home.alltools.modal_title,⚙ Import / Export All Settings,,modal header title,leading-emoji
home.alltools.myfonts.download_title,Download,,button title,aria/title
home.alltools.myfonts.empty,"No saved fonts yet. Build one in the Hebrew Font Maker, then “Save to My Fonts”.",,empty state,
home.alltools.myfonts.note,"Fonts you built in the <a href=""Hebrew_Font_Maker.html"">Hebrew Font Maker</a> — or any <b>.ttf / .otf / .woff</b> you upload — are saved in this browser. Use one across every tool, download it, or remove it.",,section note,html
home.alltools.myfonts.remove_confirm,Remove “{name}” from My Fonts? Tools using it will fall back to their default font.,,confirm dialog,template
home.alltools.myfonts.remove_title,Remove,,button title,aria/title
home.alltools.myfonts.title,★ My IvritSuite Fonts,,section heading,leading-symbol
home.alltools.myfonts.upload_button,⬆ Upload a font,,upload label/button,leading-emoji
home.alltools.myfonts.use_alert,“{name}” will be used in every IvritSuite tool. Reload any open tool pages to see it.,,alert,template
home.alltools.myfonts.use_button,Use in all tools,,button,
home.alltools.myfonts.use_status,“{name}” is now the font in every tool — reload any open tool to see it.,,status text,template
home.alltools.no_data_alert,This file has no all-tools data. Try importing it on its own tool's page instead.,,alert (AllTools .ivrit apply),
home.alltools.note,"Back up <b>all</b> presets, saved schedules, settings, and saved fonts from the Generator, Dashboard, Flash Cards, Dictionary, Torah Trainer, Trope Tutor, and Font Maker together. <b>Automatic Input</b> saves and restores a single <b>.ivrit</b> file; <b>Manual Input</b> uses a copy-and-paste text block.",,modal intro note,html; mixed UI+content — do not translate tool names
home.alltools.open_button,⚙ Import / Export All Settings,,button opening settings modal,leading-emoji
home.alltools.save_button,⬇ Save All Settings to .ivrit file,,button (auto mode),leading-emoji
home.alltools.textarea_placeholder,"Click 'Export All Settings' to generate a backup, or paste a backup here and click 'Import All Settings'…",,textarea placeholder,
home.badge.beta,Beta,,tool card badge (flash cards; font maker),
home.bookmark.button,🔖 Bookmark this page,,button,leading-emoji
home.bookmark.tip_desktop,Press {key}+D to bookmark this page.,,tip below bookmark button,template ({key}=⌘/Ctrl)
home.bookmark.tip_mobile,"Tap the share/menu button in your browser and choose ""Add to Home Screen"" or ""Add Bookmark"".",,tip below bookmark button,
home.card.dashboard.cta,Open the Hebrew classroom display →,,tool card button,
home.card.dashboard.desc,"Live Hebrew date, time, weather, and days of the week for the Hebrew classroom — SmartBoard and projector ready, free for teachers.",,tool card description,scope-ambiguous (card desc)
home.card.dashboard.name,Hebrew Classroom Dashboard,,tool card title,
home.card.dictionary.cta,Look up Hebrew words →,,tool card button,
home.card.dictionary.desc,"Free Hebrew dictionary to browse and filter Hebrew vocabulary by length, part of speech, era, and letter position — useful for Hebrew learning at every level.",,tool card description,scope-ambiguous (card desc)
home.card.dictionary.name,Hebrew Word Lookup,,tool card title,
home.card.flashcards.cta,Practice Hebrew flash cards →,,tool card button,
home.card.flashcards.desc,"Free Hebrew flash cards for reading practice — decode one, two, or three Hebrew letters at a time with full nikkud support. Optimized for mobile.",,tool card description,scope-ambiguous (card desc)
home.card.flashcards.name,Hebrew Flash Cards,,tool card title (Beta badge),
home.card.fontmaker.cta,Make your own Hebrew font →,,tool card button,
home.card.fontmaker.desc,"Turn your own handwritten Hebrew letters into a real, installable font — trace each letter, place nikkud & trop, then export TTF, WOFF2, or UFO.",,tool card description,scope-ambiguous (card desc)
home.card.fontmaker.name,Hebrew Font Maker,,tool card title (Beta badge),
home.card.generator.cta,Make printable Hebrew worksheets →,,tool card button,
home.card.generator.desc,"Create free printable Hebrew worksheets, bingo cards, and decoding drills with nikkud — customizable Hebrew reading practice for emerging readers.",,tool card description,scope-ambiguous (card desc)
home.card.generator.name,Hebrew Worksheet Generator,,tool card title,
home.card.resources.cta,Browse free Hebrew teaching resources →,,tool card button,
home.card.resources.desc,"A curated directory of free Hebrew learning resources, printables, dictionaries, fonts, and Jewish education tools — organized by category and age group.",,tool card description,scope-ambiguous (card desc)
home.card.resources.fonts_link,🔤 Hebrew Fonts →,,resources card secondary link,leading-emoji
home.card.resources.fonts_link_title,Browse & share Hebrew fonts,,link tooltip,aria/title
home.card.resources.name,Hebrew Teaching Resources,,tool card title,
home.card.torah.cta,Practice Torah reading →,,tool card button,
home.card.torah.desc,"Read the weekly parsha with vowel coloring, transliteration, English translations, cantillation toggle, and chanted-audio karaoke (PocketTorah).",,tool card description,scope-ambiguous (card desc)
home.card.torah.name,Torah Trainer,,tool card title,
home.card.torah.sefaria_title,Texts from Sefaria,,Sefaria attribution link tooltip,aria/title
home.card.trope.cta,Learn the trope names →,,tool card button,
home.card.trope.desc,"Learn the Torah cantillation marks (trope / te'amim) — symbols, Ashkenazi and Sephardi names, and melodies with real chanted examples — then drill yourself with three quiz modes.",,tool card description,scope-ambiguous (card desc)
home.card.trope.name,Trope Tutor,,tool card title,
home.contact_link,✉️ Contact & Support,,link button,leading-emoji
home.header.brand,IvritSuite,,header wordmark,brand name
home.header.tagline,Tools for Hebrew literacy instruction,,header subtitle,
home.hero.subtitle,Free Hebrew Learning Tools for Teachers and Students,,hero subheading,
notfound.header.brand,IvritSuite,,header wordmark,brand name
notfound.header.tagline,Tools for Hebrew literacy instruction,,header subtitle,
notfound.home_button,← Back to the Promised Home Page,,primary button,leading-arrow
notfound.link.dictionary,Dictionary,,tool link,
notfound.link.flashcards,Flash Cards,,tool link,
notfound.link.generator,Worksheet Generator,,tool link,
notfound.link.torah,Torah Trainer,,tool link,
notfound.quip,"We tried to blend it back together from a few stray letters — but without the nikkud, nobody could agree on how to pronounce it.",,hero quip,
notfound.subtitle,"We searched right-to-left <em>and</em> left-to-right, but this page is nowhere to be found <span class=""heb-inline"">(לֹא נִמְצָא, <em>lo nimtza</em>)</span>. It may have slipped out for a snack and forgotten its vowels.",,hero subtitle,html; mixed UI+content; contains Hebrew
notfound.title,This page wandered off for forty years.,,hero title,
notfound.tool_links_intro,Or wander somewhere useful:,,tool links intro,
privacy.effective_date,"Effective date: June 4, 2026",,effective date line,
privacy.header.back_link,← Back,,header back button,leading-arrow
privacy.header.tagline,How we handle your data,,header subtitle,
privacy.header.title,IvritSuite — Privacy Policy,,header h1,
privacy.legal.changes,"If this policy is updated, the ""Effective date"" at the top of the page will change. Material changes will be reflected on this page; there is no mailing list or account to notify because the site does not collect contact information.",,section 9 body,
privacy.legal.children,"IvritSuite is designed to be safely usable by students of all ages, including children under 13. The site does not knowingly collect personal information from any user, regardless of age. There is no account creation, no submission form, no chat, and no upload feature. If you believe any personal information has somehow been collected in violation of this policy, please contact us through the <a href=""contact.html"">contact page</a> and we will remove it.",,section 6 body,html
privacy.legal.collect,"IvritSuite is almost entirely client-side. There are no accounts, no logins, and no submissions, and the site stores no personal data on a server. Specifically:\n<strong>No personal information.</strong> The site does not ask for, transmit, or store your name, email address, school, classroom roster, or any other personally identifiable information.\n<strong>Tool content stays in your browser.</strong> Anything you create with the tools — worksheet presets, classroom-dashboard schedules and settings, flash-card preferences, dictionary filters, Torah Trainer settings — is stored locally in your browser using the standard <code>localStorage</code> API. It never leaves your device through any channel operated by the site.\n<strong>No tracking pixels or fingerprinting.</strong> For aggregate usage statistics the site uses only Google Analytics 4, described in Section 3.",,section 2 body (intro + list),html; contains \n
privacy.legal.contact,"Questions or concerns about this policy can be directed to Harrison Bleiberg via the <a href=""contact.html"">contact page</a>, or by email at {email}.",,section 10 body,template; html
privacy.legal.cookies,"The site uses <strong>Google Analytics 4</strong> (measurement ID <code>G-CMLC81Z0HC</code>) to understand which tools are used and how visitors arrive at the site. GA4 collects aggregated, anonymized data such as page views, approximate geographic region, device class, and referral source. IP addresses are anonymized by GA4 by default and are not stored by the site operator.\nYou can control or block analytics in several ways:\nUse your browser's ""Do Not Track"" or tracking-protection settings.\nInstall the <a href=""https://tools.google.com/dlpage/gaoptout"" target=""_blank"" rel=""noopener"">Google Analytics Opt-out Browser Add-on</a>.\nBlock third-party scripts via your preferred ad/tracker blocker.\nFor details on Google's data handling, see Google's <a href=""https://policies.google.com/privacy"" target=""_blank"" rel=""noopener"">Privacy Policy</a>.",,section 3 body (intro + list),html; contains \n
privacy.legal.ferpa_analytics,"The site's only data collection is anonymized, aggregated Google Analytics 4 usage data (page views, device class, region). GA4 anonymizes IP addresses and is not associated with any student identifier; this data is not directly or indirectly linkable to individual students and therefore does not constitute ""education records"" or ""personally identifiable information"" under 34 CFR § 99.3.",,section 7 body,
privacy.legal.ferpa_designation,"Because no PII or education records are disclosed to the site, schools and districts may permit teachers and students to use IvritSuite without entering into a separate data-sharing or ""school official"" agreement under the FERPA exception at <em>34 CFR § 99.31(a)(1)</em>. If your district nevertheless requires a written acknowledgment of these practices, you may rely on this policy as a public statement of them.",,section 7 body,html
privacy.legal.ferpa_intro,"This section is provided for school administrators, IT departments, and educators evaluating IvritSuite for classroom use under the U.S. Family Educational Rights and Privacy Act (FERPA, <em>20 U.S.C. § 1232g; 34 CFR Part 99</em>).",,section 7 intro,html
privacy.legal.ferpa_noads,"IvritSuite does not sell, rent, license, or otherwise share any user information with advertisers or data brokers. The site displays no advertising.",,section 7 body,
privacy.legal.ferpa_norecords,"IvritSuite does <strong>not</strong> collect, receive, store, or transmit any personally identifiable information (PII) from student education records as defined by FERPA. The site has no user accounts, no class rosters, no grade books, no submission of student work, and no server-side storage of teacher- or student-generated content. Worksheets, presets, schedules, and tool preferences are stored exclusively in the local browser using <code>localStorage</code> and remain on the user's own device.",,section 7 body,html
privacy.legal.ferpa_parental,"Because no student records are stored by the site, there is nothing for parents to inspect, amend, or have removed under FERPA's parental-rights provisions on the site's side. Parents wishing to review locally stored tool settings can do so directly in the browser used by the student via the home-page <strong>Import / Export All Settings</strong> control.",,section 7 body,html
privacy.legal.ferpa_questions,"For FERPA-specific inquiries, please contact Harrison Bleiberg through the <a href=""contact.html"">contact page</a>.",,section 7 body,html
privacy.legal.intro,"IvritSuite (the ""site"") is a free collection of Hebrew literacy tools for teachers and students, operated by Harrison Bleiberg. This Privacy Policy explains what information the site collects (and, more importantly, what it does <em>not</em>), how that information is used, and the choices you have. By using the site you agree to the practices described here.",,section 1 body,html
privacy.legal.localstorage,"Because all of your settings live only in your browser, you have full control:\nThe <strong>Import / Export All Settings</strong> button on the home page lets you download a single JSON backup of every tool's data, restore from a backup, or erase everything in one click.\nClearing your browser's site data for IvritSuite removes all stored settings and presets.\nUsing a different browser, device, or private/incognito window will give you a fresh, separate set of settings.",,section 5 body (intro + list),html; contains \n
privacy.legal.security,"The site is delivered over HTTPS. Because no user data is transmitted to a server operated by the site, the primary security boundary is the user's own browser and device. We recommend keeping your browser up to date and using device-level protections appropriate to your setting.",,section 8 body,
privacy.legal.thirdparty,"Some tools fetch or link to third-party content. Visiting or interacting with these resources is governed by their own privacy policies, not by IvritSuite:\n<a href=""https://kaikki.org/dictionary/Hebrew/index.html"" target=""_blank"" rel=""noopener"">Kaikki.org</a> — source of the Hebrew word data used in the dictionary and worksheet generator.\n<a href=""https://www.pockettorah.com/"" target=""_blank"" rel=""noopener"">PocketTorah</a> — chanted-audio source used by the Torah Trainer.\n<a href=""https://fonts.google.com/"" target=""_blank"" rel=""noopener"">Google Fonts</a> — Hebrew and Latin web fonts.\nPublic weather APIs used by the Classroom Dashboard to display current local weather (only the location you enter is sent, in the standard form required to look up a forecast).\n<a href=""https://web3forms.com/"" target=""_blank"" rel=""noopener"">Web3Forms</a> and <a href=""https://www.hcaptcha.com/"" target=""_blank"" rel=""noopener"">hCaptcha</a> — used only if you send a message through the <a href=""contact.html"">contact page</a> or the ""Suggest a Resource"" form on the <a href=""resources.html"">resources page</a>. The information you enter in those forms is passed to Web3Forms solely to deliver the email to the site operator, and the form uses hCaptcha to block automated spam; both process that data under their own privacy policies. Nothing from the form is stored by IvritSuite.",,section 4 body (intro + list),html; contains \n
privacy.page_title,Privacy Policy,,page title,
privacy.section.changes_heading,9. Changes to This Policy,,section heading,
privacy.section.children_heading,6. Children's Privacy,,section heading,
privacy.section.collect_heading,2. Information We Collect,,section heading,
privacy.section.contact_heading,10. Contact,,section heading,
privacy.section.cookies_heading,3. Cookies & Analytics,,section heading,
privacy.section.ferpa_badge,For Schools,,section badge,
privacy.section.ferpa_h3_analytics,Analytics do not constitute education records,,subsection heading,
privacy.section.ferpa_h3_designation,School-official designation is not required,,subsection heading,
privacy.section.ferpa_h3_noads,No advertising or sale of data,,subsection heading,
privacy.section.ferpa_h3_norecords,No collection of education records or student PII,,subsection heading,
privacy.section.ferpa_h3_parental,Parental review and access,,subsection heading,
privacy.section.ferpa_h3_questions,FERPA-related questions,,subsection heading,
privacy.section.ferpa_heading,7. FERPA Compliance,,section heading,
privacy.section.intro_heading,1. Introduction,,section heading,
privacy.section.localstorage_heading,5. Local Storage & Your Control Over Data,,section heading,
privacy.section.security_heading,8. Security,,section heading,
privacy.section.thirdparty_heading,4. Third-Party Resources,,section heading,
pwa.aria.dismiss,Dismiss,,banner close aria-label,aria-label only
pwa.aria.label,Install IvritSuite,,install banner aria-label,aria-label only
pwa.install.android,Install web app?,,install banner text (Android),
pwa.install.ios,Install Web App: Tap Share → Add to Home Screen,,install banner text (iOS),
resources.card.grades_prefix,Grades: {gradeLabel},,resource card grade line,mixed UI+content — do not translate {gradeLabel}
resources.card.visit_link,Visit resource,,resource card link,
resources.cat_badge.culture,Culture,,resource card category badge,
resources.cat_badge.hebrew,Hebrew,,resource card category badge,
resources.cat_badge.lesson,Lesson Planning,,resource card category badge,
resources.cat_badge.misc,Miscellaneous,,resource card category badge,
resources.cat_badge.printable,Printables,,resource card category badge,
resources.cat_badge.tanakh,Tanakh,,resource card category badge,
resources.empty.fonts,No fonts match the selected filters.,,empty state,
resources.empty.links,No resources match the selected filters.,,empty state,
resources.faq.a1,"A curated set of websites, printables, lesson-planning tools, Tanakh references, Hebrew language sites, and Jewish culture resources.",,FAQ answer,
resources.faq.a2,Most are free; some link to paid services. Each card notes when registration or payment is required.,,FAQ answer,
resources.faq.a3,"Hebrew and Jewish-studies teachers, day-school faculty, supplementary-school teachers, parents, and adult learners.",,FAQ answer,
resources.faq.howto_step1,"Pick a category (Lesson Planning, Printables, Tanakh, Hebrew, Culture, Misc).",,how-to step,
resources.faq.howto_step2,"Pick an age group (K–2, 3–5, 6–12, Adult/Teacher).",,how-to step,
resources.faq.howto_step3,Click any resource card to open it in a new tab.,,how-to step,
resources.faq.howto_title,How To Use,,FAQ section summary,
resources.faq.q1,What's in the directory?,,FAQ question,
resources.faq.q2,Are the resources free?,,FAQ question,
resources.faq.q3,Who is this for?,,FAQ question,
resources.faq.title,Frequently Asked Questions,,FAQ section summary,
resources.filters.age_adult,Adult / Teacher,,filter button,
resources.filters.age_all,All Ages,,filter button,
resources.filters.age_early,Early Learners (K–2),,filter button,
resources.filters.age_elementary,Elementary (3–5),,filter button,
resources.filters.age_label,Age Group,,filter row label,
resources.filters.age_middle,Middle / High (6–12),,filter button,
resources.filters.cat_all,All,,filter button,
resources.filters.cat_culture,🎭 Culture,,filter button,leading-emoji
resources.filters.cat_hebrew,🇮🇱 Hebrew,,filter button,leading-emoji
resources.filters.cat_lesson,📘 Lesson Planning,,filter button,leading-emoji
resources.filters.cat_misc,🧩 Miscellaneous,,filter button,leading-emoji
resources.filters.cat_printable,🖨️ Printables,,filter button,leading-emoji
resources.filters.cat_tanakh,📖 Tanakh,,filter button,leading-emoji
resources.filters.category_label,Category,,filter row label,
resources.filters.ffeat_all,All,,filter button,
resources.filters.ffeat_label,Features,,filter row label,
resources.filters.ffeat_letters,Letters Only,,filter button,
resources.filters.ffeat_nikkud,Nikkud Supported,,filter button,
resources.filters.ffeat_trop,Trop Supported,,filter button,
resources.filters.flic_all,All Licenses,,filter button,
resources.filters.flic_cc0,CC0,,filter button,license code
resources.filters.flic_label,License,,filter row label,
resources.filters.flic_ofl,OFL,,filter button,license code
resources.filters.flic_other,Other,,filter button,
resources.filters.ftype_all,All fonts,,filter button,
resources.filters.ftype_block,Block (Print),,filter button,
resources.filters.ftype_cursive,Cursive (כתב),,filter button,mixed (inline Hebrew)
resources.filters.ftype_label,Type,,filter row label,
resources.filters.ftype_other,Other,,filter button,
resources.filters.ftype_torah,Torah,,filter button,
resources.filters.submit_font_button,✚ Submit a font,,CTA button,leading-emoji
resources.filters.suggest_button,✚ Suggest a Resource,,CTA button,leading-emoji
resources.fonts.by_prefix,By {author},,font card byline,template; html
resources.fonts.download_action,⬇ Download,,font card action,leading-emoji
resources.fonts.nikkud_label,Nikkud,,font card meta,
resources.fonts.preview_action,🔍 Preview,,font card action,leading-emoji
resources.fonts.submit.anything_else,Anything else we should know:,,prefilled email body label,scope-ambiguous (mailto payload)
resources.fonts.submit.attach,*** Please ATTACH your font file(s) (TTF / OTF / WOFF) and the license file to this email. ***,,prefilled email body line,scope-ambiguous (mailto payload)
resources.fonts.submit.license,License (CC0 / OFL / Other — please specify):,,prefilled email body label,scope-ambiguous (mailto payload)
resources.fonts.submit.name,Font name:,,prefilled email body label,scope-ambiguous (mailto payload)
resources.fonts.submit.nikkud,Nikkud supported? (Yes / No):,,prefilled email body label,scope-ambiguous (mailto payload)
resources.fonts.submit.subject,IvritSuite Font Submission,,prefilled email subject,scope-ambiguous (mailto payload)
resources.fonts.submit.trop,Trop supported? (Yes / No):,,prefilled email body label,scope-ambiguous (mailto payload)
resources.fonts.submit.type,Type of font (Block / Cursive / Torah / Other):,,prefilled email body label,scope-ambiguous (mailto payload)
resources.fonts.submit.version,Version number (if applicable):,,prefilled email body label,scope-ambiguous (mailto payload)
resources.fonts.submit.your_name,Your name:,,prefilled email body label,scope-ambiguous (mailto payload)
resources.fonts.submit.your_website,Your website (if applicable):,,prefilled email body label,scope-ambiguous (mailto payload)
resources.fonts.toast_add_error,Sorry — couldn’t add that font. Try Download instead.,,toast,
resources.fonts.toast_added,✓ “{name}” added — pick it under “My Fonts” in any tool’s font selector.,,toast,leading-emoji; template
resources.fonts.toast_adding,Adding “{name}” …,,toast,template
resources.fonts.toast_no_storage,This browser can’t save fonts for reuse.,,toast,
resources.fonts.trop_label,Trop,,font card meta,
resources.fonts.type_block,Block,,font type badge,
resources.fonts.type_cursive,Cursive,,font type badge,
resources.fonts.type_other,Other,,font type badge,
resources.fonts.type_torah,Torah,,font type badge,
resources.fonts.use_action,★ Use in IvritSuite,,font card action,leading-symbol
resources.fonts_count,Showing {count} of {total} fonts,,results count,template
resources.header.back_link,← Back,,header back button,leading-arrow
resources.header.tagline,Hebrew literacy tools and references,,header subtitle,
resources.header.title,Teaching Resources,,header h1,
resources.modal.close_aria,Close,,modal close button (both modals),aria-label only
resources.page_heading,Resources,,page heading,
resources.page_sub,"A curated directory of free Hebrew learning resources, worksheets, dictionaries, and Jewish education tools for teachers and students.",,page subheading,
resources.preview.back_button,‹ Back,,button,leading-symbol
resources.preview.input_label,Type Hebrew (or anything) to preview in this font:,,input label,
resources.preview.title,Preview,,font preview modal title,
resources.results_count,Showing {count} of {total} resources,,results count,template
resources.suggest.age_adult,Adult / Teacher,,pill button,
resources.suggest.age_all,All Ages,,pill button,
resources.suggest.age_early,Early Learners (K–2),,pill button,
resources.suggest.age_elementary,Elementary (3–5),,pill button,
resources.suggest.age_label,Intended age group,,form label,
resources.suggest.age_middle,Middle / High (6–12),,pill button,
resources.suggest.captcha_required,Please complete the “I’m human” check before sending.,,form status,
resources.suggest.cat_culture,🎭 Culture,,pill button,leading-emoji
resources.suggest.cat_hebrew,🇮🇱 Hebrew,,pill button,leading-emoji
resources.suggest.cat_lesson,📘 Lesson Planning,,pill button,leading-emoji
resources.suggest.cat_misc,🧩 Miscellaneous,,pill button,leading-emoji
resources.suggest.cat_printable,🖨️ Printables,,pill button,leading-emoji
resources.suggest.cat_tanakh,📖 Tanakh,,pill button,leading-emoji
resources.suggest.category_label,Category,,form label,
resources.suggest.desc_label,Brief description,,form label,
resources.suggest.desc_placeholder,"What is it, and why is it useful?",,textarea placeholder,
resources.suggest.email_label,Your email,,form label,
resources.suggest.error_email_suffix,You can also email {email}.,,form status suffix,template; html
resources.suggest.error_fallback,Sorry — that didn’t go through.,,form status fallback,
resources.suggest.error_network,Sorry — that didn’t go through. Please email {email} directly.,,form status,template; html
resources.suggest.format_book,Book,,pill button,
resources.suggest.format_game,Game,,pill button,
resources.suggest.format_label,Format,,form label,
resources.suggest.format_other,Other,,pill button,
resources.suggest.format_song,Song / Audio,,pill button,
resources.suggest.format_video,Video,,pill button,
resources.suggest.format_website,Website / App,,pill button,
resources.suggest.format_worksheet,Worksheet / Printable,,pill button,
resources.suggest.intro,Know a great Hebrew or Jewish-education resource? Share it and I'll consider adding it to the directory.,,modal intro,
resources.suggest.name_label,Your name,,form label,
resources.suggest.notes_label,Additional notes,,form label,
resources.suggest.optional_hint,(optional),,form label hint,
resources.suggest.pick_any_hint,— pick any that apply,,form label hint,
resources.suggest.pick_one_hint,— pick one,,form label hint (Category/Format),
resources.suggest.resname_label,Resource name,,form label,
resources.suggest.resurl_label,Resource URL,,form label,
resources.suggest.sending,Sending…,,form status,
resources.suggest.submit_button,Send suggestion,,submit button,
resources.suggest.success,✓ Thank you — your suggestion was sent!,,form status,leading-emoji
resources.suggest.title,✚ Suggest a Resource,,modal header title,leading-emoji
resources.suggest.url_placeholder,https://…,,input placeholder,
resources.view.fonts,🔤 Fonts,,view toggle button,leading-emoji
resources.view.links,📚 Links,,view toggle button,leading-emoji
shared.darkmode.label_dark,🌙 Dark,🌙 כהה,Dark-mode toggle label (shown when light),"leading-emoji; shared (labeled variant: 404, dictionary)"
shared.darkmode.label_light,☀️ Light,☀️ בהיר,Dark-mode toggle label (shown when dark),"leading-emoji; shared (labeled variant: 404, dictionary)"
shared.darkmode.toggle_title,Toggle dark mode,מצב כהה,Dark-mode toggle title/aria-label,shared
shared.folders.delete_confirm,"Delete folder ""{name}""? Its contents move out — nothing is deleted.","למחוק את התיקייה ""{name}""? התוכן שלה יוצא החוצה — שום דבר לא נמחק.",Folder delete confirm,mixed UI+content — do not translate {name}; shared
shared.folders.delete_folder,Delete folder (keeps items),מחק תיקייה (שומר פריטים),Folder-tree action (title on 🗑),shared
shared.folders.drag_folder,Drag folder,גרור תיקייה,Folder drag-handle title,shared
shared.folders.drag_item,Drag to move,גרור כדי להעביר,Item drag-handle title,shared
shared.folders.empty_folder,Empty — drop items here,ריקה — גררו פריטים לכאן,Empty folder placeholder,shared
shared.folders.empty_list,No saved {noun}s yet.,אין עדיין פריטים שמורים.,Empty list placeholder,"mixed UI+content — {noun} = preset/profile/schedule/item; shared | REVIEW: generic ""no saved items"" (ignores the {noun} token)"
shared.folders.move_button,Move ▾,העבר ▾,Preset/profile item move button,"shared (carriers: generator, dashboard, flash_cards)"
shared.folders.move_path,📁 {path},📁 {path},Move-menu folder target,leading-emoji; mixed UI+content — do not translate {path}; shared
shared.folders.move_root,⌂ Root,⌂ שורש,Move-menu top-level target,leading-symbol; shared
shared.folders.new_folder,📁 New folder,📁 תיקייה חדשה,Folder-tree button,leading-emoji; shared
shared.folders.new_subfolder,New subfolder,תיקיית משנה חדשה,Folder-tree action (title on ＋ mini-button),shared
shared.folders.prompt_new_folder,New folder name:,שם תיקייה חדשה:,Folder create prompt,shared
shared.folders.prompt_new_subfolder,New subfolder name:,שם תיקיית משנה חדשה:,Subfolder create prompt,shared
shared.folders.prompt_rename,Rename folder:,שנה שם תיקייה:,Folder rename prompt,shared
shared.folders.rename_folder,Rename folder,שנה שם תיקייה,Folder-tree action (title on ✎),shared
shared.fonts.default_marker,[DEFAULT],[ברירת מחדל],Font-picker marker appended to the default font name,shared (carriers: all font-selector tools)
shared.fonts.err_bad_font,"That file doesn’t look like a usable font (TTF, OTF, or WOFF).","הקובץ הזה אינו נראה כגופן שימושי (TTF, OTF או WOFF).",Font upload error alert,shared
shared.fonts.err_no_store,Your browser can’t store custom fonts.,הדפדפן שלכם אינו יכול לאחסן גופנים מותאמים.,Font upload error alert,shared
shared.fonts.err_unreadable,Couldn’t read that font file.,לא ניתן היה לקרוא את קובץ הגופן.,Font upload error alert,shared
shared.fonts.section_cursive,Cursive / Script,כתב יד / סקריפט,Font-picker section header,shared (carriers: all font-selector tools)
shared.fonts.section_generic,{section} Fonts,גופני {section},"Font-picker section header (e.g. Block Fonts, Print Fonts, Torah Fonts)",mixed UI+content — {section} is a category name; shared
shared.fonts.section_my_fonts,My Fonts,הגופנים שלי,Font-picker section header (custom fonts group),shared (carriers: all font-selector tools)
shared.fonts.upload_label,⬆ Upload your own font?,⬆ העלו גופן משלכם?,My Fonts uploader label (below font grid),leading-emoji; shared (carriers: 7 font-selector tools)
shared.fonts.upload_title,"Add a .ttf, .otf, or .woff/.woff2 font to My Fonts","הוסיפו גופן ‎.ttf‏, ‎.otf‏ או ‎.woff/.woff2 אל הגופנים שלי",My Fonts uploader label title,shared
shared.footer.about_header,About,אודות,Footer section header,shared
shared.footer.created_by,Created by Harrison Bleiberg,נוצר על ידי Harrison Bleiberg,Footer credit,mixed UI+content — do not translate 'Harrison Bleiberg'; shared
shared.footer.github,GitHub,GitHub,Footer link,do-not-translate; shared
shared.footer.license_link,CC BY-NC-SA 4.0,CC BY-NC-SA 4.0,Footer license link,do-not-translate; shared
shared.footer.license_note,Free to use and adapt for non-commercial educational purposes with attribution,חינמי לשימוש ולהתאמה למטרות חינוכיות לא-מסחריות עם קרדיט,Footer license sentence (landing pages),shared
shared.footer.privacy_link,Privacy Policy,מדיניות פרטיות,Footer link (landing pages),shared
shared.footer.word_data,Word Data from Kaikki.org,נתוני מילים מ-Kaikki.org,Footer credit (data source),mixed UI+content — do not translate 'Kaikki.org'; shared
shared.fullscreen.enter_title,Present fullscreen,מצב מסך מלא,Fullscreen button title (enter),shared; variant: 'Full screen' (dictionary)
shared.fullscreen.exit_title,Exit fullscreen,צא ממסך מלא,Fullscreen button title (exit),shared
shared.fullscreen.toggle_aria,Toggle fullscreen,החלף מסך מלא,Fullscreen button aria-label,aria-label; shared
shared.ivrit.browse_button,Browse…,עיון…,Backup drop-zone button,shared
shared.ivrit.drop_hint,Drop a .ivrit file here,גררו כאן קובץ ‎.ivrit,Backup drop-zone hint,shared; '.ivrit' bold in UI
shared.ivrit.err_read,Could not read that file.,לא ניתן לקרוא את הקובץ הזה.,Restore error alert,shared
shared.ivrit.err_restore_failed,Restore failed: {error},השחזור נכשל: {error},Restore error alert,mixed UI+content — do not translate {error}; shared
shared.ivrit.err_unreadable,That file could not be read as a .ivrit save file.,לא ניתן היה לקרוא את הקובץ כקובץ שמירה ‎.ivrit‏.,Restore error alert,shared
shared.ivrit.err_unrecognized,That file is not a recognizable .ivrit save file.,הקובץ הזה אינו קובץ שמירה ‎.ivrit‏ מזוהה.,Restore error alert,shared
shared.ivrit.manual_copy,Copy,העתק,Manual backup mode button,shared
shared.ivrit.manual_export,Export,ייצוא,Manual backup mode button,shared
shared.ivrit.manual_import,Import,ייבוא,Manual backup mode button,shared
shared.ivrit.mode_auto,Automatic Input,קלט אוטומטי,Backup panel input-mode toggle button,"shared (carriers: generator, dashboard, flash_cards, index)"
shared.ivrit.mode_manual,Manual Input,קלט ידני,Backup panel input-mode toggle button,"shared (carriers: generator, dashboard, flash_cards, index)"
shared.ivrit.or_divider,— or —,— או —,Backup drop-zone divider,shared
shared.ivrit.restore_cancel_button,Cancel,ביטול,Restore dialog button,shared
shared.ivrit.restore_dialog_body,**Merge** keeps what you have now and adds the file's data (matching names are overwritten).\n**Replace** clears your current data first and loads only what's in the file.,**מיזוג** שומר את מה שיש לכם עכשיו ומוסיף את נתוני הקובץ (שמות תואמים יידרסו).\n**החלפה** מוחקת תחילה את הנתונים הנוכחיים וטוענת רק את מה שבקובץ.,Restore-mode dialog body,contains \n; html (Merge/Replace bold); shared
shared.ivrit.restore_dialog_title,Restore from .ivrit file,שחזור מקובץ ‎.ivrit,Restore-mode dialog title,shared
shared.ivrit.restore_merge_button,Merge,מיזוג,Restore dialog button,shared
shared.ivrit.restore_replace_button,Replace,החלפה,Restore dialog button,shared
shared.ivrit.save_button,⬇ Save to .ivrit file,⬇ שמור לקובץ ‎.ivrit,Backup panel button,leading-emoji; shared; keep '.ivrit' literal
shared.ivrit.status_restored,Restored from {source},שוחזר מ-{source},Restore status line,mixed UI+content — do not translate {source}; shared
shared.ivrit.status_saved,Saved {filename},נשמר {filename},Save status line (ivritStatus),mixed UI+content — do not translate {filename}; shared
shared.ivrit.toast_restored_named,Restored successfully from {source}.,השחזור הצליח מ-{source}.,Restore success toast,mixed UI+content — do not translate {source}; shared
shared.ivrit.toast_restored_plain,Restored successfully.,השחזור הצליח.,Restore success toast (no source name),shared
shared.ivrit.tool_mismatch_confirm,"This looks like a ""{tool}"" save file, but this is the {tool2} page.\n\nImporting it here may not do anything useful. Import anyway?","זה נראה כקובץ שמירה של ""{tool}"", אבל זה דף {tool2}.\n\nייבוא כאן עשוי לא לעשות דבר מועיל. לייבא בכל זאת?",Tool-mismatch confirm dialog,contains \n; mixed UI+content — do not translate {tool}/{tool2}; shared
shared.nav.header,Related Hebrew Tools,כלים עבריים נוספים,Related-tools nav header + aria-label,shared
shared.nav.link_dashboard,Hebrew classroom display →,תצוגת כיתה בעברית ←,Related-tools nav link,shared
shared.nav.link_dictionary,Hebrew word lookup →,חיפוש מילים בעברית ←,Related-tools nav link,shared
shared.nav.link_fontmaker,make your own Hebrew font →,צרו גופן עברי משלכם ←,Related-tools nav link,shared
shared.nav.link_resources,free Hebrew teaching resources →,משאבים חינמיים להוראת עברית ←,Related-tools nav link,shared
shared.nav.link_torah,Torah reading practice →,תרגול קריאה בתורה ←,Related-tools nav link,shared
shared.nav.link_trope,learn Torah trope (cantillation) →,למדו טעמי המקרא ←,Related-tools nav link,shared
shared.nav.link_worksheets,printable Hebrew worksheets →,דפי עבודה להדפסה בעברית ←,Related-tools nav link,shared
shared.toast.copied,Copied!,הועתק!,Copy-button feedback,shared
shared.toast.copied_check,✓ Copied!,✓ הועתק!,Copy-button feedback,leading-emoji; shared
shared.toast.imported,Imported successfully.,הייבוא הצליח.,Import success toast,shared
shared.tour.back,Back,אחורה,Guided tour nav button,shared
shared.tour.done,Done,סיום,Guided tour final button,shared
shared.tour.end,End tour,סיים סיור,Guided tour close (aria-label on ✕),aria-label; shared
shared.tour.next,Next,הבא,Guided tour nav button,shared
shared.tour.step_counter,Step {count} of {total},שלב {count} מתוך {total},Guided tour step counter,mixed UI+content — {count}/{total} numeric; shared
torah.about.faq_a1,"A free Hebrew Torah reader. Pick a parsha and read it with optional transliteration, English translation, per-vowel color coding, cantillation strip, prose TTS, and chanted-audio karaoke that highlights words in time with the recording.",,FAQ answer,
torah.about.faq_a2,"Yes. PocketTorah's recordings of all 54 parshiyot and haftarot stream on demand, with word-level highlighting synchronized to the audio. Adjust playback speed without re-fetching.",,FAQ answer,html
torah.about.faq_a3,Sefaria's public API. The translation dropdown defaults to JPS 1985 when available; pick any other version from the same dropdown.,,FAQ answer,html
torah.about.faq_a4,Yes. The Display panel has separate toggles for nikkud (vowel points) and cantillation marks (te'amim). They can be hidden independently.,,FAQ answer,
torah.about.faq_a5,"Yes. Trope color coding tints each word by its cantillation clause family — Sof Pasuk, Zakef Katon, Segol, Revia, Geresh, and rare marks — with a legend above the reading. It composes with vowel color coding, keeps working when the cantillation marks themselves are hidden, and each family's color is customizable in settings.",,FAQ answer,
torah.about.faq_a6,"The default is diaspora. Flip the Reading Schedule toggle to switch to Israel. Use ""Jump to this week's parsha"" to auto-pick the current week's reading from Sefaria's calendar.",,FAQ answer,
torah.about.faq_a7,Yes. Materials incorporating PocketTorah audio are licensed CC BY-SA 4.0; other IvritSuite content is CC BY-NC-SA 4.0.,,FAQ answer,
torah.about.faq_q1,What is the Torah Trainer?,,FAQ question,
torah.about.faq_q2,Does it include chanted-audio karaoke?,,FAQ question,
torah.about.faq_q3,Where do the Hebrew texts and translations come from?,,FAQ question,
torah.about.faq_q4,Can I hide nikkud or cantillation marks?,,FAQ question,
torah.about.faq_q5,Can it color-code the Torah trope (cantillation) families?,,FAQ question,
torah.about.faq_q6,Diaspora or Israel schedule?,,FAQ question,
torah.about.faq_q7,Is it free?,,FAQ question,
torah.about.faq_summary,Frequently Asked Questions,,accordion summary,
torah.about.howto_1,"Pick a parsha from the top dropdown (defaults to this week's). The Reading dropdown shows each aliyah's verse range, and 🎵 marks readings with chanted audio.",,howto step,
torah.about.howto_2,Toggle Translit and Translation; choose Side-by-side or Interlinear layout.,,howto step,
torah.about.howto_3,"Customize the Hebrew font, vowel coloring, and translit scheme in this drawer.",,howto step,
torah.about.howto_4,Enable Karaoke and pick an aliyah from the Reading dropdown to chant along. Use 🔁 Loop on any verse to repeat it hands-free for practice.,,howto step,
torah.about.howto_5,"On a full parsha, use the aliyah jump chips at the top to skip around, and the Resume chip to pick up where you left off.",,howto step,
torah.about.howto_6,Click the fullscreen button to project to a SmartBoard.,,howto step,
torah.about.howto_7,New here? Press ❓ Tour in the header for a quick walkthrough.,,howto step,html
torah.about.howto_summary,How To Use,,accordion summary,
torah.audio.chant_label,Chant,,rate slider label,
torah.audio.chant_rate_aria,Chanting playback speed,,rate slider aria,aria-label only
torah.audio.collapse_aria,Collapse audio bar,,collapse button aria,aria-label only
torah.audio.collapse_title,Collapse / expand audio bar,,collapse button title,
torah.audio.credit,"Cantillation © Russel Neiss & Rabbi Charlie Schwartz, PocketTorah, CC BY-SA 4.0",,audio bar credit,html
torah.audio.element_aria,Chanted Torah audio,,audio element aria,aria-label only
torah.audio.expand_aria,Expand audio bar,,collapse button aria (expanded state),aria-label only
torah.audio.karaoke_label,Karaoke,,audio bar label,
torah.audio.loop_pause_1,1 second,,select option,
torah.audio.loop_pause_2,2 seconds,,select option,
torah.audio.loop_pause_half,0.5 seconds,,select option,
torah.audio.loop_pause_label,Pause between repeats,,settings label,
torah.audio.loop_pause_none,None,,select option,
torah.audio.loop_pause_tip,"When you loop a verse (🔁), wait this long before repeating it — handy for practicing along.",,tooltip,
torah.audio.loopstop_aria,Stop looping,,loop-stop button aria + title,
torah.audio.loopstop_text,⏹ Stop loop,,loop-stop button text,leading-emoji
torah.audio.pause_aria,Pause,,play/pause button aria (dynamic),aria-label only
torah.audio.play_aria,Play,,play/pause button aria (dynamic),aria-label only
torah.audio.playpause_aria,Play or pause,,play/pause button aria,aria-label only
torah.audio.playpause_title,Play / pause,,play/pause button title,
torah.audio.read_label,Read,,rate slider label,
torah.audio.read_rate_aria,TTS reading speed,,rate slider aria,aria-label only
torah.audio.region_aria,Cantillation audio playback,,audio bar region aria,aria-label only
torah.audio.speed_chant,Chant,,slider label,
torah.audio.speed_read,Read,,slider label,
torah.audio.speeds_credit,"Cantillation audio © Russel Neiss & Rabbi Charlie Schwartz, PocketTorah, CC BY-SA 4.0.",,settings credit,html
torah.audio.speeds_intro,"Click 🔊 Read on any verse for browser TTS in Hebrew, or 🎵 Chant to stream PocketTorah's recording with real-time word highlighting. These sliders mirror the ones in the audio bar at the bottom of the page.",,settings prose,html
torah.audio.tts_no_voice,No Hebrew voice detected on this device — TTS may fall back to a generic voice.,,settings status,
torah.audio.tts_unsupported,Speech synthesis not supported.,,settings status,
torah.color.code_nikkud,Color-code nikkud,,settings label,
torah.color.code_trope,Color-code trope families,,settings label,
torah.color.code_trope_tip,"Tints each word by its cantillation clause family — Sof Pasuk, Zakef Katon, Segol, Revia, Geresh, and rare marks — so the verse's phrase structure stays visible even with the marks hidden. When vowel coloring is in Highlight mode, trope shows as an underline instead.",,tooltip,
torah.color.mode_highlight,Highlight,,radio label,
torah.color.mode_label,Mode,,settings label,
torah.color.mode_letter,Letter,,radio label,
torah.color.mode_underline,Underline,,radio label,
torah.color.picker_aria,Color for {name},,color input aria,aria-label only; do-not-translate {name} (name is a glyph-name)
torah.color.scheme_default,Default,,vowel scheme button,
torah.color.scheme_reset,Reset,,vowel scheme button,
torah.color.scheme_talam,TaL AM,,vowel scheme button,
torah.color.trope_reset,Reset,,trope scheme button,
torah.confirm.reset_all,Reset all Torah Trainer settings to defaults?,,confirm dialog,
torah.confirm.reset_trope_colors,Are you sure? This resets your custom trope-family colors to the defaults.,,confirm dialog,
torah.confirm.reset_vowel_colors,Are you sure? This resets your custom vowel colors for both the Default and TaL AM schemes.,,confirm dialog,
torah.controls.custom_range_button,Custom range…,,button,
torah.controls.layout_interlinear,Interlinear,,layout radio,
torah.controls.layout_label,Layout:,,control label,
torah.controls.layout_page,Page view,,layout radio,
torah.controls.layout_side,Side by side,,layout radio,
torah.controls.parsha_label,Parsha:,,control label,
torah.controls.scope_aria,Reading scope,,scope select aria-label,aria-label only
torah.controls.translation_toggle,Translation,,toggle label,
torah.controls.translit_toggle,Translit,,toggle label,
torah.controls.version_label,Version:,,control label,
torah.controls.version_loading,Loading…,,select placeholder option,
torah.custom.book_deuteronomy,Deuteronomy,,book option,glyph-name
torah.custom.book_exodus,Exodus,,book option,glyph-name
torah.custom.book_genesis,Genesis,,book option,glyph-name
torah.custom.book_label,Book:,,custom-range picker label,
torah.custom.book_leviticus,Leviticus,,book option,glyph-name
torah.custom.book_numbers,Numbers,,book option,glyph-name
torah.custom.chapter_label,Chapter:,,custom-range picker label,
torah.custom.go_button,Go,,button,
torah.custom.verse_from_ph,from,,input placeholder,placeholder
torah.custom.verse_to_ph,to,,input placeholder,placeholder
torah.custom.verses_label,Verses:,,custom-range picker label,
torah.display.click_chant,Chant,,radio label,
torah.display.click_read,Read,,radio label,
torah.display.click_word_label,Click on word to,,settings label,
torah.display.click_word_tip,Chant: jump the karaoke audio to that word (auto-loads the right aliyah). Read: speak the verse containing the word via Hebrew TTS.,,tooltip,
torah.display.follow_both,Both,,radio label,
torah.display.follow_hebrew,Hebrew,,radio label,
torah.display.follow_label,Follow,,settings label,
torah.display.follow_translit,Translit,,radio label,
torah.display.font_default_tag,[DEFAULT],,font picker default marker,
torah.display.font_section_cursive,Cursive / Script,,font picker section header,
torah.display.font_section_fallback,{section} Fonts,,font picker section header (fallback),do-not-translate {section}
torah.display.font_section_my,My Fonts,,font picker section header,
torah.display.font_section_print,Print Fonts,,font picker section header,
torah.display.font_section_torah,Torah Fonts,,font picker section header,
torah.display.font_sizes_header,Font sizes,,settings subheader,
torah.display.karaoke_header,Karaoke settings,,settings subheader,
torah.display.restore_default_title,Restore default,,reset button title,
torah.display.show_cantillation,Show cantillation marks (te'amim),,settings label,
torah.display.show_cantillation_tip,Cantillation marks (above and below letters) indicate chanting melody. Toggle off to see only nikkud (vowels).,,tooltip,
torah.display.show_nikkud,Show nikkud (vowels),,settings label,
torah.display.size_english,English,,slider label,
torah.display.size_hebrew,Hebrew,,slider label,
torah.display.size_translit,Translit,,slider label,
torah.display.style_highlight,Highlight,,radio label,
torah.display.style_label,Style,,settings label,
torah.display.style_none,None,,radio label,
torah.display.style_outline,Outline,,radio label,
torah.display.style_under,Under,,radio label,
torah.footer.cantillation_credit,Cantillation audio: PocketTorah · CC BY-SA 4.0,,footer data-source credit,html
torah.footer.license_note,"Only translations whose license permits redistribution are offered (Public Domain, CC0, CC BY, CC BY-SA, CC BY-NC, CC BY-NC-SA).",,footer note,
torah.footer.sefaria_credit,Hebrew text via Sefaria · public domain,,footer data-source credit,html
torah.footer.translation_static,Translation: (none selected),,footer credit,
torah.glyphname.trope_geresh,Geresh group,,trope-family legend + picker label,glyph-name; scope-ambiguous
torah.glyphname.trope_katon,Zakef Katon clause,,trope-family legend + picker label,glyph-name; scope-ambiguous
torah.glyphname.trope_rare,Rare marks,,trope-family legend + picker label,glyph-name; scope-ambiguous
torah.glyphname.trope_revia,Revia group,,trope-family legend + picker label,glyph-name; scope-ambiguous
torah.glyphname.trope_segol,Segol clause,,trope-family legend + picker label,glyph-name; scope-ambiguous
torah.glyphname.trope_sofpasuk,Sof Pasuk clause,,trope-family legend + picker label,glyph-name; scope-ambiguous
torah.glyphname.vowel_chirik,Chirik,,vowel color-picker label,glyph-name
torah.glyphname.vowel_hkamatz,H. Kamatz,,vowel color-picker label,glyph-name
torah.glyphname.vowel_holam,Holam,,vowel color-picker label,glyph-name
torah.glyphname.vowel_hpatach,H. Patach,,vowel color-picker label,glyph-name
torah.glyphname.vowel_hsegol,H. Segol,,vowel color-picker label,glyph-name
torah.glyphname.vowel_kamatz,Kamatz,,vowel color-picker label,glyph-name
torah.glyphname.vowel_kubutz,Kubutz,,vowel color-picker label,glyph-name
torah.glyphname.vowel_patach,Patach,,vowel color-picker label,glyph-name
torah.glyphname.vowel_segol,Segol,,vowel color-picker label,glyph-name
torah.glyphname.vowel_shuruk,Shuruk,,vowel color-picker label,glyph-name
torah.glyphname.vowel_shva,Shva,,vowel color-picker label,glyph-name
torah.glyphname.vowel_tzere,Tzere,,vowel color-picker label,glyph-name
torah.glyphname.vowel_vav_holam,Vav Holam,,vowel color-picker label,glyph-name
torah.header.home,Home,,header nav button,
torah.header.settings_title,Settings,,header gear button title,
torah.header.subtitle,"Read the weekly parsha with vowel coloring, transliteration, translations, and chanted-audio karaoke.",,header subtitle,
torah.header.title,Torah Trainer,,h1 header,
torah.header.tour_button,❓ Tour,,header button,leading-emoji
torah.header.tour_title,Take a quick tour,,header button title,
torah.jumpnav.aria,Jump to aliyah,,in-page nav aria-label,aria-label only
torah.reading.chant_all,🎵 Chant all,,ref-header button,leading-emoji
torah.reading.chant_all_stop,⏹ Stop chant,,ref-header button,leading-emoji
torah.reading.empty_body,"Choose a parsha from the dropdown above — the reading appears here with optional transliteration, translation, color-coded vowels, and chanted audio.",,empty state,
torah.reading.empty_title,Pick a parsha to start,,empty state h2,print-adjacent empty state
torah.reading.jump_chip_aria,Jump to aliyah {n} ({label}),,aliyah jump chip aria,aria-label only; mixed UI+content — do not translate {n}/{label}
torah.reading.read_all,🔊 Read all,,ref-header button,leading-emoji
torah.reading.resume,Resume at {verse} →,,resume chip,mixed UI+content — do not translate {verse}
torah.reading.resume_dismiss_aria,Dismiss resume,,resume chip dismiss aria,aria-label only
torah.reading.stop,⏹ Stop,,ref-header button (reading),leading-emoji
torah.reading.verse_chant,🎵 Chant,,per-verse button,leading-emoji
torah.reading.verse_chant_aria,Chant verse {verseRef} (PocketTorah audio),,per-verse button aria,aria-label only; mixed UI+content — do not translate {verseRef}
torah.reading.verse_loop,🔁 Loop,,per-verse button,leading-emoji
torah.reading.verse_loop_aria,Loop verse {verseRef} (repeat the chant),,per-verse button aria,aria-label only; mixed UI+content — do not translate {verseRef}
torah.reading.verse_loop_stop_aria,Stop looping verse {verseRef},,per-verse button aria (looping),aria-label only; mixed UI+content — do not translate {verseRef}
torah.reading.verse_read,🔊 Read,,per-verse button,leading-emoji
torah.reading.verse_read_aria,Read verse {verseRef} aloud (TTS),,per-verse button aria,aria-label only; mixed UI+content — do not translate {verseRef}
torah.schedule.diaspora,Diaspora,,radio label,
torah.schedule.israel,Israel,,radio label,
torah.schedule.jump_this_week,Jump to this week's parsha,,button,
torah.schedule.schedule_label,Schedule,,settings label,
torah.schedule.schedule_tip,Diaspora and Israel reading schedules diverge for several weeks per cycle (when a Yom Tov falls on Shabbat). Affects which parsha is selected as 'this week'.,,tooltip,
torah.schedule.scope_aliyah,Aliyah {n},,scope option,do-not-translate {n}
torah.schedule.scope_disabled_title,"Reading scope applies to weekly parshiyot, not holiday readings.",,scope select title (disabled),
torah.schedule.scope_full,Full parsha,,scope option,
torah.schedule.scope_full_reading,Full reading,,scope option (holiday/custom),
torah.schedule.scope_haftarah,Haftarah,,scope option,
torah.settings.close_aria,Close settings,,close button aria,aria-label only
torah.settings.close_title,Close,,close button title,
torah.settings.collapse_all,Collapse all menus,,button,
torah.settings.expand_all,Expand all menus,,button,
torah.settings.panel_about,About & FAQ,,panel title,
torah.settings.panel_audio,Audio speeds,,panel title,
torah.settings.panel_display,Display,,panel title,
torah.settings.panel_font,Hebrew font,,panel title,
torah.settings.panel_reset,Reset,,panel title,
torah.settings.panel_schedule,Reading schedule,,panel title,
torah.settings.panel_translit,Transliteration scheme,,panel title,
torah.settings.panel_trope_color,Trope color coding,,panel title,
torah.settings.panel_vowel_color,Vowel color coding,,panel title,
torah.settings.reset_all,↺ Reset all Torah Trainer settings,,button,leading-emoji
torah.settings.title,⚙️ Torah Trainer Settings,,settings drawer header,leading-emoji
torah.status.aliyah_audio_unavailable,Audio for aliyah {n} is not available in PocketTorah.,,karaoke status,do-not-translate {n}
torah.status.audio_basename_missing,Audio basename missing in manifest.,,karaoke status,
torah.status.cant_determine_parsha,Could not determine the current parsha (Sefaria API unreachable).,,status,
torah.status.chant_unavailable,Chanting isn't available for this reading.,,status,
torah.status.data_load_failed,"Failed to load static data files (data/parshiyot.json, data/pockettorah/*.json). The page may not work correctly.",,status,
torah.status.failed_load,Failed to load {label}: {error}.,,status,do-not-translate {label}/{error}
torah.status.failed_timings,Failed to load timings: {error}.,,karaoke status,do-not-translate {error}
torah.status.fallback_version,"""{version}"" isn't available here — showing ""{other}"" instead.",,status,do-not-translate {version}/{other}
torah.status.hint_action_chant,chant from that spot,,hint toast fragment,
torah.status.hint_action_read,read it aloud,,hint toast fragment,
torah.status.hint_click_word,💡 Tip: click any Hebrew word to {action},,one-time hint toast,leading-emoji; do-not-translate {action} (built from fragments below)
torah.status.loaded_drift,Loaded — note: text has {words} words but audio has {timings} word timings; alignment may drift.,,karaoke status,do-not-translate {words}/{timings}
torah.status.loaded_timings,Loaded {count} word timings. Click any Hebrew word to jump to that part.,,karaoke status,do-not-translate {count}
torah.status.loading_aliyah_verse,Loading aliyah {n} to {action} verse {verseRef}…,,status,do-not-translate {n}/{verseRef}; {action} = loop|chant
torah.status.loading_audio_chant,Loading audio to chant {verseRef}…,,status,do-not-translate {verseRef}
torah.status.loading_audio_for,"Loading audio for {parsha}, {aliyah}…",,karaoke status,do-not-translate {parsha}; {aliyah} = Haftarah|Aliyah {n}
torah.status.loading_label,Loading {label}…,,status,do-not-translate {label}
torah.status.loop_verse,Looping verse {verseRef}. Click Loop again (or Stop in the audio bar) to end.,,karaoke status,do-not-translate {verseRef}
torah.status.net_hint,Sefaria API may be unreachable.,,status fragment (appended),
torah.status.no_aliyah_data,No aliyah data for this parsha.,,status,
torah.status.no_chantable_audio,No chantable audio for this reading.,,status,
torah.status.no_manifest,No PocketTorah manifest entry for this parsha.,,karaoke status,
torah.status.pick_parsha,Pick a parsha to start.,,status,
torah.status.pick_parsha_chant,Pick a parsha first to chant.,,status,
torah.status.pick_parsha_chant_verses,Pick a parsha first to chant verses.,,status,
torah.status.sefaria_no_ref,"Sefaria says this week is ""{name}"" but didn't return a Torah reference for it.",,status,do-not-translate {name}
torah.status.tts_unsupported_browser,Speech synthesis not supported in this browser.,,status,
torah.status.verse_not_found,Couldn't find verse {verseRef} in the rendered text.,,status,do-not-translate {verseRef}
torah.status.verse_outside_cant_chant,Verse {verseRef} is outside this parsha's aliyot — can't chant it here.,,status,do-not-translate {verseRef}
torah.status.verse_outside_pick_haftarah,Verse {verseRef} is outside this parsha's aliyot — pick Haftarah from Reading if you want to chant it.,,status,do-not-translate {verseRef}
torah.status.version_no_cover,"""{version}"" doesn't cover this passage.",,status,do-not-translate {version}
torah.status.version_not_returned,"""{version}"" wasn't returned by Sefaria for this passage — pick a different version.",,status,do-not-translate {version}
torah.tip.more_info,More information,,tooltip fallback aria,aria-label only
torah.tour.s1_body,Pick any parsha — it starts on this week's automatically.,,tour step body,
torah.tour.s1_title,Pick a parsha,,tour step title,
torah.tour.s2_body,"Read the whole parsha, one aliyah, or the haftarah. 🎵 means chanted audio is available.",,tour step body,
torah.tour.s2_title,Reading scope,,tour step title,
torah.tour.s3_body,"Show transliteration and translation, side-by-side or line-by-line.",,tour step body,
torah.tour.s3_title,Layout & toggles,,tour step title,
torah.tour.s4_body,"Every verse can be read aloud, chanted with word-by-word highlighting, or looped for practice.",,tour step body,
torah.tour.s4_title,"Read, chant, or loop",,tour step title,
torah.tour.s5_body,Click any Hebrew word to chant from exactly that spot.,,tour step body,
torah.tour.s5_title,The text itself,,tour step title,
torah.tour.s6_body,"Fonts, vowel colors, transliteration styles, and speeds live here.",,tour step body,
torah.tour.s6_title,Settings,,tour step title,
torah.trans.footer_line,Translation: {version} · {license} (via Sefaria),,footer translation line,html; do-not-translate {version}
torah.trans.footer_none,Translation: (none selected — toggle Translation off or pick a version),,footer translation line,
torah.trans.lib_failed,Transliteration library failed to load (offline?).,,translit status,
torah.trans.lib_loaded,Library loaded.,,translit status,
torah.trans.license_cc0,CC0,,license label,
torah.trans.license_ccby,CC BY,,license label,
torah.trans.license_ccbync,CC BY-NC,,license label,
torah.trans.license_ccbyncsa,CC BY-NC-SA,,license label,
torah.trans.license_ccbysa,CC BY-SA,,license label,
torah.trans.license_public_domain,Public Domain,,license label,
torah.trans.license_unknown,unknown license,,license fallback,
torah.trans.no_versions,(no openly licensed English versions available for this book),,version select option,
torah.trans.style_ashkenazi,Ashkenazi,,select option,
torah.trans.style_brill,Brill Academic,,select option,
torah.trans.style_label,Style,,settings label,
torah.trans.style_modern,Modern Israeli [DEFAULT],,select option,
torah.trans.style_sbl,SBL Academic,,select option,
torah.trans.style_simple,Simple stressed,,select option,
torah.trans.version_opt,{title} — {license},,version select option,do-not-translate {title}
torah.trope_legend.tutor_link,Learn the trope names →,,trope legend link,
trope.about.body,Trope Tutor teaches the Torah cantillation marks with real chanted examples mined from PocketTorah recordings (CC BY-SA 4.0) and Sefaria's Hebrew text. New here? Press ❓ Tour in the header. Companion reader: Torah Trainer.,,about panel prose,html
trope.about.reset_all,↺ Reset all Trope Tutor settings,,button,leading-emoji
trope.confirm.reset_all,Reset all Trope Tutor settings to defaults?,,confirm dialog,
trope.confirm.reset_progress,Reset your per-trope mastery and personal-best streak? This cannot be undone.,,confirm dialog,
trope.drill.back_to_learn,Back to Learn,,button,
trope.drill.choices_aria,Answer choices,,choices group aria,aria-label only
trope.drill.choose_again,choose again to answer,,melody choice subtext,
trope.drill.correct,✓ Correct — {name},,answer feedback,leading-emoji; do-not-translate {name}
trope.drill.drill_again,Drill again,,button,
trope.drill.finish,Finish →,,button (last question),
trope.drill.heading,Drill: 10 questions per session,,drill start heading,
trope.drill.incorrect,✗ It was {name},,answer feedback,leading-emoji; do-not-translate {name}
trope.drill.index_not_loaded,"Drill needs the example index, which didn’t load. Check your connection and refresh.",,drill start note,
trope.drill.mastered_vh,mastered,,mastery cell (visually hidden),
trope.drill.mastery_aria,Mastery by trope,,mastery grid aria,aria-label only
trope.drill.mastery_cell_title,{name} — {r} right / {w} wrong,,mastery cell title,do-not-translate {name}/{r}/{w}
trope.drill.mastery_cell_title_suffix, — mastered,,mastery cell title suffix (appended when mastered),
trope.drill.melody_choice_num,▶ {n},,melody choice button,leading-emoji; do-not-translate {n}
trope.drill.melody_hint,Choose a number to hear its melody; choose it again to answer.,,hint,
trope.drill.min_one_type,At least one question type must stay on.,,inline validation note,
trope.drill.next,Next →,,button,
trope.drill.not_enough,Not enough tropes with examples to build a drill.,,drill start note,
trope.drill.opt_hear,Hear: play a clip → pick the symbol,,drill settings label,
trope.drill.opt_identify,Identify: see a word → name the trope,,drill settings label,
trope.drill.opt_melody,Melody: see a symbol → pick its melody,,drill settings label,
trope.drill.play_melody,▶ Play the melody,,button,leading-emoji
trope.drill.playback_speed,Playback speed,,slider label,
trope.drill.q_hear,Listen — which mark carries this melody?,,question prompt,
trope.drill.q_identify,Which trope is marked on this word?,,question prompt,
trope.drill.q_melody,Which melody matches this mark?,,question prompt,
trope.drill.q_progress,Question {n} of {total},,drill progress,do-not-translate {n}/{total}
trope.drill.replay,↻ Replay,,button,leading-emoji
trope.drill.reset_speed_aria,Reset playback speed,,reset button aria,aria-label only
trope.drill.reset_speed_title,Reset speed,,reset button title,
trope.drill.results_heading,Session complete,,results heading,
trope.drill.results_pb,🏆 New personal best!,,results banner,leading-emoji
trope.drill.results_sub,{correct} / {total} correct · best streak this session: {best} 🔥 · personal best: {pb} 🔥,,results subtitle,do-not-translate {correct}/{total}/{best}/{pb}
trope.drill.start_button,Start drill,,button,
trope.drill.streak_aria,"Streak {n}, personal best {best}",,drill streak aria,aria-label only; do-not-translate {n}/{best}
trope.drill.streak_line,🔥 {n}  ·  🏆 {best},,drill streak display,leading-emoji; do-not-translate {n}/{best}
trope.drill.type_hear,Hear,,drill-type name,
trope.drill.type_identify,Identify,,drill-type name,
trope.drill.type_melody,Melody,,drill-type name,
trope.drill.types_summary,Question types: {types} — change these in ⚙ Settings. Personal best streak: {n} 🔥,,drill start subtitle,leading-emoji trailing; do-not-translate {types}/{n}
trope.footer.cantillation_credit,"Cantillation audio © Russel Neiss & Rabbi Charlie Schwartz, PocketTorah · CC BY-SA 4.0",,footer data-source credit,html
trope.footer.faq_a1,"A free interactive tutor for the Torah cantillation marks. Learn mode teaches each mark's symbol, names, and melody with real chanted examples; Drill mode quizzes you three ways with per-mark mastery tracking.",,FAQ answer,
trope.footer.faq_a2,"The recordings are PocketTorah's, chanted in a widely-taught Ashkenazi melody. Both Ashkenazi and Sephardi trope names are shown, and you can switch the primary naming tradition in settings.",,FAQ answer,
trope.footer.faq_a3,Cantillation marks printed above and below the words of the Hebrew Bible. Each mark names a melodic phrase and marks the grammar of the verse — together they tell you how to chant it.,,FAQ answer,
trope.footer.faq_a4,"Each session asks 10 questions of three kinds: name the trope on a marked word, pick the symbol for a melody you hear, or pick the melody that matches a symbol. Marks you miss come up more often, and distractors get sneakier (pashta vs. kadma) as your mastery grows.",,FAQ answer,
trope.footer.faq_a5,"Every example is a real word from the Torah reading, clipped from PocketTorah's recordings (Russel Neiss & Rabbi Charlie Schwartz, CC BY-SA 4.0) using their word-level timings. The Hebrew text comes from Sefaria.",,FAQ answer,
trope.footer.faq_a6,"Yes. Materials that incorporate PocketTorah audio are CC BY-SA 4.0; other IvritSuite content is CC BY-NC-SA 4.0. No account, no ads.",,FAQ answer,
trope.footer.faq_q1,What is the Trope Tutor?,,FAQ question,
trope.footer.faq_q2,What melody tradition is this?,,FAQ question,
trope.footer.faq_q3,What are trope (te'amim)?,,FAQ question,
trope.footer.faq_q4,How does Drill mode work?,,FAQ question,
trope.footer.faq_q5,Where do the chanted examples come from?,,FAQ question,
trope.footer.faq_q6,Is the Trope Tutor free?,,FAQ question,
trope.footer.faq_summary,Frequently Asked Questions,,footer accordion summary,
trope.footer.materials_note,Materials incorporating PocketTorah audio (including this page's example clips) are CC BY-SA 4.0.,,footer note,
trope.footer.sefaria_credit,Hebrew text via Sefaria · public domain (extracted at build time — this page never calls Sefaria),,footer data-source credit,html
trope.glyphname.darga.ashk,Darga,,trope name (both traditions),glyph-name
trope.glyphname.etnachta.ashk,Etnachta,,trope name (Ashkenazi),glyph-name
trope.glyphname.etnachta.seph,Atnach,,trope name (Sephardi),glyph-name
trope.glyphname.family_geresh,Geresh group,,family chip + mastery label,glyph-name; scope-ambiguous
trope.glyphname.family_katon,Zakef Katon clause,,family chip + mastery label,glyph-name; scope-ambiguous
trope.glyphname.family_rare,Rare marks,,family chip + mastery label,glyph-name; scope-ambiguous
trope.glyphname.family_revia,Revia group,,family chip + mastery label,glyph-name; scope-ambiguous
trope.glyphname.family_segol,Segol clause,,family chip + mastery label,glyph-name; scope-ambiguous
trope.glyphname.family_sofpasuk,Sof Pasuk clause,,family chip + mastery label,glyph-name; scope-ambiguous
trope.glyphname.geresh.ashk,Geresh,,trope name (both traditions),glyph-name
trope.glyphname.geresh_muqdam.ashk,Geresh Muqdam,,trope name (both traditions),glyph-name
trope.glyphname.gershayim.ashk,Gershayim,,trope name (Ashkenazi),glyph-name
trope.glyphname.gershayim.seph,Shenei Gerishin,,trope name (Sephardi),glyph-name
trope.glyphname.kadma.ashk,Kadma,,trope name (Ashkenazi),glyph-name
trope.glyphname.kadma.seph,Azla,,trope name (Sephardi),glyph-name
trope.glyphname.karnei_parah.ashk,Karnei Parah,,trope name (Ashkenazi),glyph-name
trope.glyphname.karnei_parah.seph,Karnei Farah,,trope name (Sephardi),glyph-name
trope.glyphname.mahpach.ashk,Mahpach,,trope name (Ashkenazi),glyph-name
trope.glyphname.mahpach.seph,Shofar Mehupach,,trope name (Sephardi),glyph-name
trope.glyphname.mercha.ashk,Mercha,,trope name (Ashkenazi),glyph-name
trope.glyphname.mercha.seph,Ma'arich,,trope name (Sephardi),glyph-name
trope.glyphname.mercha_kefula.ashk,Mercha Kefula,,trope name (Ashkenazi),glyph-name
trope.glyphname.mercha_kefula.seph,Tere Ta'amei,,trope name (Sephardi),glyph-name
trope.glyphname.munach.ashk,Munach,,trope name (Ashkenazi),glyph-name
trope.glyphname.munach.seph,Shofar Holech,,trope name (Sephardi),glyph-name
trope.glyphname.pashta.ashk,Pashta,,trope name (Ashkenazi),glyph-name
trope.glyphname.pashta.seph,Kadma,,trope name (Sephardi),glyph-name
trope.glyphname.pazer.ashk,Pazer,,trope name (Ashkenazi),glyph-name
trope.glyphname.pazer.seph,Pazer Gadol,,trope name (Sephardi),glyph-name
trope.glyphname.revia.ashk,Revia,,trope name (both traditions),glyph-name
trope.glyphname.segol.ashk,Segol,,trope name (Ashkenazi),glyph-name
trope.glyphname.segol.seph,Segolta,,trope name (Sephardi),glyph-name
trope.glyphname.shalshelet.ashk,Shalshelet,,trope name (both traditions),glyph-name
trope.glyphname.sof_pasuk.ashk,Sof Pasuk (Siluk),,trope name (both traditions),glyph-name
trope.glyphname.telisha_gedola.ashk,Telisha Gedola,,trope name (Ashkenazi),glyph-name
trope.glyphname.telisha_gedola.seph,Tirtzah,,trope name (Sephardi),glyph-name
trope.glyphname.telisha_ketana.ashk,Telisha Ketana,,trope name (Ashkenazi),glyph-name
trope.glyphname.telisha_ketana.seph,Talsha,,trope name (Sephardi),glyph-name
trope.glyphname.tevir.ashk,Tevir,,trope name (both traditions),glyph-name
trope.glyphname.tipcha.ashk,Tipcha,,trope name (Ashkenazi),glyph-name
trope.glyphname.tipcha.seph,Tarcha,,trope name (Sephardi),glyph-name
trope.glyphname.yerach_ben_yomo.ashk,Yerach Ben Yomo,,trope name (Ashkenazi),glyph-name
trope.glyphname.yerach_ben_yomo.seph,Yareach Ben Yomo,,trope name (Sephardi),glyph-name
trope.glyphname.yetiv.ashk,Yetiv,,trope name (both traditions),glyph-name
trope.glyphname.zakef_gadol.ashk,Zakef Gadol,,trope name (both traditions),glyph-name
trope.glyphname.zakef_katon.ashk,Zakef Katon,,trope name (both traditions),glyph-name
trope.glyphname.zarka.ashk,Zarka,,trope name (both traditions),glyph-name
trope.header.home,Home,,header nav button,
trope.header.settings_title,Settings,,header gear title + aria,
trope.header.subtitle,"Learn the Torah cantillation marks — names, symbols, and melodies — with real chanted examples.",,header subtitle,
trope.header.title,Trope Tutor,,h1 header,
trope.header.tour_button,❓ Tour,,header button,leading-emoji
trope.header.tour_title,Take a quick tour,,header button title,
trope.learn.examples_unavailable,Examples unavailable (index not loaded).,,card empty state,
trope.learn.families_aria,Trope clause families,,family chip group aria,aria-label only
trope.learn.family_note_geresh,"Ornamental short phrases: kadma-v'azla (geresh), double gershayim, the telisha twins at the word's edges, and the whirling pazer.",,family teaching note (Learn),pedagogical prose; scope-ambiguous
trope.learn.family_note_katon,The workhorse mid-verse clause: mahpach and pashta climb toward zakef katon's little pause. Pashta looks exactly like kadma — only its position at the end of the word gives it away.,,family teaching note (Learn),pedagogical prose; scope-ambiguous
trope.learn.family_note_rare,"Once-in-a-Torah specialties — mercha kefula, karnei parah, and yerach ben yomo. Karnei parah and yerach ben yomo each appear exactly once, back to back, in Numbers 35:5.",,family teaching note (Learn),pedagogical prose; scope-ambiguous
trope.learn.family_note_revia,"Gentler pauses: revia hovers above the word like a single gem, while darga and tevir often pair up in a distinctive stair-step figure.",,family teaching note (Learn),pedagogical prose; scope-ambiguous
trope.learn.family_note_segol,"A grand early pause in long verses: zarka swings up and hands off to segol. Shalshelet — a rare, dramatic chain of notes — stands in for it at the very start of a verse.",,family teaching note (Learn),pedagogical prose; scope-ambiguous
trope.learn.family_note_sofpasuk,Home base: the backbone of every verse. Mercha and tipcha lead into etnachta — the deep mid-verse resting point — and the same team walks the second half down to the final sof pasuk cadence.,,family teaching note (Learn),pedagogical prose; scope-ambiguous
trope.learn.intro,"Trope (te'amim) are the cantillation marks that tell you how to chant the Torah. Work through them one clause family at a time, then switch to Drill to test yourself. When you're ready to see them in context, open the companion reader: Torah Trainer →",,learn intro prose,html
trope.learn.name_ashkenazi_prefix,Ashkenazi: {name},,secondary-name label on card,do-not-translate {name} (a glyph-name)
trope.learn.name_sephardi_prefix,Sephardi: {name},,secondary-name label on card,do-not-translate {name} (a glyph-name)
trope.learn.next_family,Next family →,,button,
trope.learn.no_example,No chanted example in this corpus.,,card empty state,
trope.learn.play_example_aria,Play {name} example from {parsha} {ref},,example play button aria,aria-label only; do-not-translate {parsha}/{ref}
trope.learn.rare_tag,Rare,,card tag,
trope.learn.ready_drill,Ready? Try a drill →,,button (on last family),
trope.learn.see_in_parsha,See it in the parsha →,,card link,
trope.learn.see_in_parsha_title,Open the Torah Trainer reader with trope color coding,,card link title,
trope.learn.trope_note_etnachta,The deepest pause inside a verse — the wishbone under the word splits the verse in two.,,per-trope teaching note (Learn card),pedagogical prose; scope-ambiguous
trope.learn.trope_note_geresh_muqdam,"A variant geresh printed earlier in the word; some printed editions use it, but this corpus has no occurrences — so there's no clip to play.",,per-trope teaching note (Learn card),pedagogical prose; scope-ambiguous
trope.learn.trope_note_kadma,"Sits on the stressed syllable, usually leading straight into a geresh (""kadma v'azla""). Same shape as pashta, which instead hangs off the word's end.",,per-trope teaching note (Learn card),pedagogical prose; scope-ambiguous
trope.learn.trope_note_karnei_parah,"""Cow horns"" — the single rarest mark; one appearance in the Torah (Numbers 35:5).",,per-trope teaching note (Learn card),pedagogical prose; scope-ambiguous
trope.learn.trope_note_mahpach,"A rising horseshoe below the stressed syllable, almost always followed by pashta.",,per-trope teaching note (Learn card),pedagogical prose; scope-ambiguous
trope.learn.trope_note_mercha_kefula,A doubled mercha — appears only a handful of times in the whole Torah.,,per-trope teaching note (Learn card),pedagogical prose; scope-ambiguous
trope.learn.trope_note_pashta,Postpositive — printed at the very end of the word even when the stress falls earlier (it's doubled on the stress in that case). Same shape as kadma; position tells them apart.,,per-trope teaching note (Learn card),pedagogical prose; scope-ambiguous
trope.learn.trope_note_segol,Postpositive — the three-dot cluster rides off the end of the word.,,per-trope teaching note (Learn card),pedagogical prose; scope-ambiguous
trope.learn.trope_note_shalshelet,"A long, dramatic chain of notes — always on a verse's first word, always followed by a vertical paseq line.",,per-trope teaching note (Learn card),pedagogical prose; scope-ambiguous
trope.learn.trope_note_sof_pasuk,"The verse-ending cadence. Its siluk mark shares a codepoint with the meteg stress line, so learn it by position: the last word of every verse, followed by the ׃ mark.",,per-trope teaching note (Learn card),pedagogical prose; scope-ambiguous
trope.learn.trope_note_telisha_gedola,Prepositive — the small circle leads the word from the front.,,per-trope teaching note (Learn card),pedagogical prose; scope-ambiguous
trope.learn.trope_note_telisha_ketana,Postpositive — the small circle sits at the end of the word.,,per-trope teaching note (Learn card),pedagogical prose; scope-ambiguous
trope.learn.trope_note_yerach_ben_yomo,"""Moon one day old"" — appears once in the Torah, right before karnei parah's word (Numbers 35:5).",,per-trope teaching note (Learn card),pedagogical prose; scope-ambiguous
trope.learn.trope_note_yetiv,"Prepositive — printed at the very start of the word, below the first letter. Same shape as mahpach, different position and role.",,per-trope teaching note (Learn card),pedagogical prose; scope-ambiguous
trope.learn.trope_note_zakef_gadol,Zakef katon's louder sibling — a vertical bar joins the two dots when the word stands alone in its clause.,,per-trope teaching note (Learn card),pedagogical prose; scope-ambiguous
trope.learn.trope_note_zarka,Postpositive — curls off the end of the word and always throws ahead to a segol.,,per-trope teaching note (Learn card),pedagogical prose; scope-ambiguous
trope.learn.visited_aria,visited,,family chip visited badge aria,aria-label only
trope.progress.reset_button,↺ Reset mastery & personal best,,button,leading-emoji
trope.progress.summary,{n} of {total} tropes attempted · personal best streak {pb} 🔥,,progress summary,do-not-translate {n}/{total}/{pb}
trope.settings.aria,Trope Tutor settings,,settings drawer aria,aria-label only
trope.settings.close_aria,Close settings,,close button aria,aria-label only
trope.settings.font_default_tag,[DEFAULT],,font picker default marker,
trope.settings.font_section_cursive,Cursive / Script,,font picker section header,
trope.settings.font_section_fallback,{section} Fonts,,font picker section header (fallback),do-not-translate {section}
trope.settings.font_section_my,My Fonts,,font picker section header,
trope.settings.font_section_print,Print Fonts,,font picker section header,
trope.settings.font_section_torah,Torah Fonts,,font picker section header,
trope.settings.heb_size,Hebrew size,,slider label,
trope.settings.panel_about,About,,panel title,
trope.settings.panel_drill,Drill,,panel title,
trope.settings.panel_font,Hebrew Font,,panel title,
trope.settings.panel_names,Names & Tradition,,panel title,
trope.settings.panel_progress,Progress,,panel title,
trope.settings.reset_size_aria,Reset Hebrew size,,reset button aria,aria-label only
trope.settings.reset_size_title,Reset size,,reset button title,
trope.settings.title,⚙ Settings,,settings drawer header,leading-emoji
trope.status.index_unavailable,Example clips unavailable (couldn’t load the trope index) — Learn mode still shows every mark.,,status,
trope.status.loading_audio,Loading audio…,,status,
trope.status.loading_index,Loading the trope index…,,status,
trope.status.tap_to_hear,Tap ▶ to hear the melody.,,status,
trope.tabs.aria,Tutor mode,,tablist aria,aria-label only
trope.tabs.drill,🎯 Drill,,mode tab,leading-emoji
trope.tabs.learn,📖 Learn,,mode tab,leading-emoji
trope.tip.more_info,More information,,tooltip fallback aria,aria-label only
trope.toast.audio_new_question,Audio for that trope wouldn’t load — new question.,,toast,
trope.toast.audio_unavailable,Audio unavailable right now — check your connection.,,toast,
trope.toast.audio_unreachable_skipped,Audio isn’t reachable — this question was skipped.,,toast,
trope.toast.clip_switched,That clip wouldn’t load — switched to another example.,,toast,
trope.toast.clip_trying_another,That clip wouldn’t load — trying another example.,,toast,
trope.toast.clip_wont_load,That clip wouldn’t load.,,toast,
trope.tour.s1_body,Learn walks the marks family by family; Drill quizzes you on them.,,tour step body,
trope.tour.s1_title,Two modes,,tour step title,
trope.tour.s2_body,The marks come in six melodic families — the same color families as the Torah Trainer reader.,,tour step body,
trope.tour.s2_title,Clause families,,tour step title,
trope.tour.s3_body,"Symbol, both naming traditions, a teaching note, and real chanted example words. Press ▶ to hear one.",,tour step body,
trope.tour.s3_title,One card per mark,,tour step title,
trope.tour.s4_body,"Step through all six families, then test yourself.",,tour step body,
trope.tour.s4_title,Work through them,,tour step title,
trope.tour.s5_body,"10 questions per session: name the marked word, match melody to symbol, or symbol to melody.",,tour step body,
trope.tour.s5_title,Drill mode,,tour step title,
trope.tour.s6_body,"Naming tradition, Hebrew font, question types, and playback speed live here.",,tour step body,
trope.tour.s6_title,Settings,,tour step title,
trope.tradition.ashkenazi,Ashkenazi,,radio label,
trope.tradition.note,The recordings themselves follow PocketTorah's Ashkenazi melody either way.,,settings note,
trope.tradition.primary_aria,Primary trope names,,radiogroup aria,aria-label only
trope.tradition.primary_label,Primary trope names,,settings label,
trope.tradition.primary_tip,"Both names are always shown on each card; this picks which one leads. Note the classic collision: Ashkenazi 'pashta' is Sephardi 'kadma', while Ashkenazi 'kadma' is Sephardi 'azla'.",,tooltip,
trope.tradition.sephardi,Sephardi,,radio label,
worksheet.actions.copy_link,📋 Copy shareable link,,action button,leading-emoji
worksheet.actions.copy_link_title,Copy shareable link,,mobile FAB button title,aria-label only
worksheet.actions.disabled_hint,Generate a worksheet first,,disabled-button title + FAB toast,
worksheet.actions.export_pdf,⬇ Export PDF,,action button,leading-emoji
worksheet.actions.generate,⬡ Generate Worksheet,,primary action button,leading-emoji
worksheet.actions.generate_mob,⬡ Generate,,mobile FAB button,leading-emoji
worksheet.actions.pdf_mob,⬇ PDF,,mobile FAB button,leading-emoji
worksheet.actions.print,🖨 Print,,action button,leading-emoji
worksheet.actions.print_tip,"💡 Print tip: In the print dialog, uncheck Headers and footers to remove the URL and date.",,tip box,leading-emoji;html
worksheet.actions.regenerate,↺ Regenerate,,action button,leading-emoji
worksheet.advanced.backup_auto_explainer,Save all your presets and current settings to a .ivrit save file on your device. Restore later by dropping the file below or browsing for it.,,backup panel explainer,html
worksheet.advanced.backup_manual_explainer,Export your saved presets as text you can copy and store. Paste it back to restore.,,backup panel explainer,
worksheet.advanced.backup_placeholder,Paste backup here to import…,,textarea placeholder,
worksheet.advanced.backup_title,Backup Presets,,sub-panel title,
worksheet.advanced.colorcode_enable,Enable color coding,,toggle-row label,
worksheet.advanced.colorcode_title,Color Code Nikkud,,sub-panel title,
worksheet.advanced.colormode.highlight,Highlight,,color-mode button,
worksheet.advanced.colormode.letter,Letter,,color-mode button,
worksheet.advanced.colormode.underline,Underline,,color-mode button,
worksheet.advanced.copy,Copy,,textarea copy button,
worksheet.advanced.export_backup,⬆ Export backup,,button,leading-emoji
worksheet.advanced.font_title,Hebrew Font,,sub-panel title,
worksheet.advanced.hide_zoom_bar,Hide Zoom Bar,,toggle-row label,
worksheet.advanced.import_backup,⬇ Import from backup,,button,leading-emoji
worksheet.advanced.live_preview,Live update preview,,toggle-row label,
worksheet.advanced.live_preview_tooltip,"When on, the worksheet updates as you change settings (after your first Generate). Turn it off to update only when you click Generate.",,tooltip,
worksheet.advanced.panel_title,Advanced,,panel title,
worksheet.advanced.reset_scheme_confirm,Are you sure? This resets your custom vowel colors for both the Default and TaL AM schemes.,,confirm dialog,
worksheet.advanced.scheme.default,Default,,vowel-scheme button,
worksheet.advanced.scheme.reset,Reset,,vowel-scheme reset button,
worksheet.advanced.scheme.talam,TaL AM,,vowel-scheme button,
worksheet.advanced.translit.ashkenazi,Ashkenazi,,translit-style option,
worksheet.advanced.translit.brill,Brill Academic,,translit-style option,
worksheet.advanced.translit.default,Default (built-in),,translit-style option,
worksheet.advanced.translit.modern,Modern Israeli,,translit-style option,
worksheet.advanced.translit.sbl,SBL Academic,,translit-style option,
worksheet.advanced.translit.simple,Simple Stressed,,translit-style option,
worksheet.advanced.translit_credit,Powered by hebrew-transliteration by Charles Loder,,credit line,html
worksheet.advanced.translit_failed,Library failed to load — using default style.,,status,
worksheet.advanced.translit_loading,Loading library…,,status,
worksheet.advanced.translit_style,Style,,select label,
worksheet.advanced.translit_title,Transliteration,,sub-panel title,
worksheet.advanced.tts_fast,Fast,,tts range high label,
worksheet.advanced.tts_slow,Slow,,tts slider label,
worksheet.advanced.tts_slower,Slower,,tts range low label,
worksheet.advanced.tts_speed,Hebrew TTS Reading Speed,,advanced section label,
worksheet.common.all,All,,select-all button,
worksheet.common.all_match,All cards match,,toggle-row label,
worksheet.common.audio,Audio,,toggle-row label,
worksheet.common.beta,BETA,,inline badge,
worksheet.common.both,Both,,segmented option,
worksheet.common.caller_sheet,Caller sheet,,toggle-row label,
worksheet.common.cards,Cards,,select label,
worksheet.common.dagesh_tav,Dagesh Tav / Sav,,letter control checkbox,
worksheet.common.fewer_cards,Fewer cards,,stepper button title,aria-label only
worksheet.common.free_space,Free space,,toggle-row label,
worksheet.common.grid_size,Grid Size,,select label,
worksheet.common.grid_size_lc,Grid size,,select label,
worksheet.common.include_dageshim,Include dageshim,,toggle-row label,
worksheet.common.inverse_show_numbers,Inverse (show numbers),,toggle-row label,
worksheet.common.main,Main,,select-main button,
worksheet.common.more_cards,More cards,,stepper button title,aria-label only
worksheet.common.no_sofit,No Sofit,,letter control button,
worksheet.common.none,None,,clear button,
worksheet.common.num_pairs,Number of Pairs,,select label,
worksheet.common.num_words,Number of Words,,select label,
worksheet.common.per_page,Per page,,select label,
worksheet.common.reset_default,Reset to default,,slider reset button title,aria-label only
worksheet.common.self_check,Self Check,,toggle-row label,
worksheet.common.self_check_mode,Student Self-Check Mode,,toggle-row label,
worksheet.common.show_answer_key,Show Answer Key,,toggle-row label,
worksheet.common.show_nikkud,Show Nikkud,,toggle-row label,
worksheet.common.show_transliteration,Show Transliteration,,toggle-row label,
worksheet.common.show_word_bank,Show Word Bank,,toggle-row label,
worksheet.common.size,Size,,slider label,
worksheet.common.translit,Translit,,segmented option,
worksheet.empty.cant_place_body,Try a larger grid or shorter words.,,worksheet empty state,print-adjacent empty state
worksheet.empty.cant_place_title,Could not place any words.,,worksheet empty state,print-adjacent empty state
worksheet.empty.emoji_failed_body,"Check your connection and try again, or choose a different match target.",,worksheet empty state,print-adjacent empty state
worksheet.empty.emoji_failed_title,Couldn't load emoji.,,worksheet empty state,print-adjacent empty state
worksheet.empty.loading_emoji,Loading emoji…,,worksheet empty state / pool note,print-adjacent empty state
worksheet.empty.loosen_emoji,Loosen your Word Filters — only words with a matching emoji can be used.,,worksheet empty state,print-adjacent empty state
worksheet.empty.loosen_pairs,Loosen your Word Filters or lower the number of pairs.,,worksheet empty state,print-adjacent empty state
worksheet.empty.no_emoji_words,No emoji words match.,,worksheet empty state,print-adjacent empty state
worksheet.empty.no_words_match_body,Loosen your Word Filters or pick a larger grid size.,,worksheet empty state,print-adjacent empty state
worksheet.empty.no_words_match_title,No words match.,,worksheet empty state,print-adjacent empty state
worksheet.empty.not_enough_words,Not enough words to match.,,worksheet empty state,print-adjacent empty state
worksheet.empty.pick_direction_body,Word Search needs somewhere to hide the words — enable at least one arrow under Drill Options → Directions.,,worksheet empty state,print-adjacent empty state
worksheet.empty.pick_direction_title,Pick at least one direction.,,worksheet empty state,print-adjacent empty state
worksheet.empty.ready_body,"Select your letters and vowels on the left, then click Generate Worksheet.",,main empty-state,html
worksheet.empty.ready_title,Ready to Generate,,main empty-state h2,
worksheet.empty.select_letter,Please select at least one letter.,,worksheet empty state,print-adjacent empty state
worksheet.empty.select_letters_vowels,Please select letters and vowels.,,worksheet empty state,print-adjacent empty state
worksheet.empty.select_more_letters,Please select more letters.,,worksheet empty state,print-adjacent empty state
worksheet.empty.select_vowel,Please select at least one vowel.,,worksheet empty state,print-adjacent empty state
worksheet.empty.too_few_intersect,Too few words intersect — try a larger grid or more words.,,worksheet empty state,print-adjacent empty state
worksheet.faq.a1,"A Hebrew blend worksheet pairs Hebrew letters with vowels (nikkud) so students can practice decoding syllables one, two, or three letters at a time.",,footer FAQ answer,
worksheet.faq.a2,Yes. All worksheets are free under CC BY-NC-SA 4.0 for non-commercial educational use.,,footer FAQ answer,
worksheet.faq.a3,Yes. The generator outputs print-ready PDFs sized for standard letter and A4 paper.,,footer FAQ answer,
worksheet.faq.a4,"Yes. Choose any combination of nikkud — kamatz, patach, segol, tzere, hirik, holam, kubutz, shuruk, shva, and hataf vowels.",,footer FAQ answer,
worksheet.faq.a5,Designed for emerging Hebrew readers — elementary students and adult beginners — but fully customizable for any level.,,footer FAQ answer,
worksheet.faq.q1,What is a Hebrew blend worksheet?,,footer FAQ question,
worksheet.faq.q2,Are these Hebrew worksheets free?,,footer FAQ question,
worksheet.faq.q3,Can I print the worksheets?,,footer FAQ question,
worksheet.faq.q4,Do they include nikkud?,,footer FAQ question,
worksheet.faq.q5,What ages is it for?,,footer FAQ question,
worksheet.faq.title,Frequently Asked Questions,,footer FAQ heading,
worksheet.glyphname.alef,Alef,,letter tile name,glyph-name
worksheet.glyphname.ayin,Ayin,,letter tile name,glyph-name
worksheet.glyphname.bet,Bet,,letter tile name,glyph-name
worksheet.glyphname.chaf,Chaf,,letter tile name,glyph-name
worksheet.glyphname.chet,Chet,,letter tile name,glyph-name
worksheet.glyphname.chirik,Chirik,,vowel name,glyph-name
worksheet.glyphname.dalet,Dalet,,letter tile name,glyph-name
worksheet.glyphname.feh,Feh,,letter tile name,glyph-name
worksheet.glyphname.gimel,Gimel,,letter tile name,glyph-name
worksheet.glyphname.hataf_kamatz,Hataf Kamatz,,vowel name,glyph-name
worksheet.glyphname.hataf_patach,Hataf Patach,,vowel name,glyph-name
worksheet.glyphname.hataf_segol,Hataf Segol,,vowel name,glyph-name
worksheet.glyphname.heh,Heh,,letter tile name,glyph-name
worksheet.glyphname.holam,Holam,,vowel name,glyph-name
worksheet.glyphname.kaf,Kaf,,letter tile name,glyph-name
worksheet.glyphname.kamatz,Kamatz,,vowel name,glyph-name
worksheet.glyphname.koof,Koof,,letter tile name,glyph-name
worksheet.glyphname.kubutz,Kubutz,,vowel name,glyph-name
worksheet.glyphname.lamed,Lamed,,letter tile name,glyph-name
worksheet.glyphname.mem,Mem,,letter tile name,glyph-name
worksheet.glyphname.nun,Nun,,letter tile name,glyph-name
worksheet.glyphname.patach,Patach,,vowel name,glyph-name
worksheet.glyphname.peh,Peh,,letter tile name,glyph-name
worksheet.glyphname.resh,Resh,,letter tile name,glyph-name
worksheet.glyphname.samech,Samech,,letter tile name,glyph-name
worksheet.glyphname.sav,Sav,,letter tile name,glyph-name
worksheet.glyphname.segol,Segol,,vowel name,glyph-name
worksheet.glyphname.shin,Shin,,letter tile name,glyph-name
worksheet.glyphname.shuruk,Shuruk,,vowel name,glyph-name
worksheet.glyphname.shva,Shva,,vowel name,glyph-name
worksheet.glyphname.sin,Sin,,letter tile name,glyph-name
worksheet.glyphname.sofit_suffix,{name} sofit,,sofit letter tile name,glyph-name;mixed UI+content — do not translate {…}
worksheet.glyphname.tav,Tav,,letter tile name,glyph-name
worksheet.glyphname.tet,Tet,,letter tile name,glyph-name
worksheet.glyphname.tzadi,Tzadi,,letter tile name,glyph-name
worksheet.glyphname.tzere,Tzere,,vowel name,glyph-name
worksheet.glyphname.vav,Vav,,letter tile name,glyph-name
worksheet.glyphname.vav_holam,Vav Holam,,letter/vowel tile name,glyph-name
worksheet.glyphname.vav_shuruk,Vav Shuruk,,letter tile name,glyph-name
worksheet.glyphname.vet,Vet,,letter tile name,glyph-name
worksheet.glyphname.yud,Yud,,letter tile name,glyph-name
worksheet.glyphname.zayin,Zayin,,letter tile name,glyph-name
worksheet.header_sub,"Free printable Hebrew worksheets, bingo cards, and decoding drills for Hebrew reading practice with nikkud.",,header subtitle,
worksheet.home_link,← Home,,header nav button,leading-emoji
worksheet.howto.step1,"Pick a practice type (1, 2, or 3 letters).",,footer how-to step,
worksheet.howto.step2,Select the Hebrew letters to include.,,footer how-to step,
worksheet.howto.step3,Select the nikkud (vowels) to include.,,footer how-to step,
worksheet.howto.step4,Click Generate Worksheet.,,footer how-to step,html
worksheet.howto.step5,Click Print or Export PDF to download.,,footer how-to step,html
worksheet.howto.title,How To Use,,footer section heading,
worksheet.layout.class_set,Class Set,,layout option label,
worksheet.layout.class_set_tooltip,"Generates multiple unique worksheet versions from the same settings — each with a different random selection and order of blends. Print one per student for variety drills or low-stakes assessment. Each version is labeled 'Version A', 'Version B', etc. in the header.",,tooltip,
worksheet.layout.exclude_repeats,Exclude Repeats,,layout option label,
worksheet.layout.exclude_repeats_tooltip,"When on, no two blends in the same worksheet will share the same pair of letters — useful for variety drills.",,tooltip,
worksheet.layout.header.en,English,,header-language button,
worksheet.layout.header.he,עברית,,header-language button,RTL / hebDisplay
worksheet.layout.header_labels,Header Labels,,layout option label,
worksheet.layout.landscape,Landscape Print,,layout option label,
worksheet.layout.landscape_tooltip,"Rotates the printout to landscape (wide) for both 🖨 Print and Export PDF, and widens the blends grid. Turn off for portrait (tall).",,tooltip,leading-emoji
worksheet.layout.page.a4,A4,,page-size button,
worksheet.layout.page.letter,Letter,,page-size button,
worksheet.layout.page_size,Page Size,,layout option label,
worksheet.layout.page_size_tooltip,Paper size for both Print and Export PDF. Letter (8.5×11in) is the US default; choose A4 (210×297mm) for most of the world.,,tooltip,
worksheet.layout.panel_title,Layout,,panel title,
worksheet.layout.subtitle,Subtitle,,layout option label,
worksheet.layout.subtitle_placeholder,Optional instructions...,,input placeholder,
worksheet.layout.title,Title,,layout option label,
worksheet.layout.title_default,Hebrew Blends,,worksheet title input default,
worksheet.layout.total_blends,Total Blends,,layout option label,
worksheet.layout.versions,versions,,count suffix,
worksheet.letters.combos,{count} possible combinations,,letters panel count,
worksheet.letters.first_letter,First Letter,,lock position label,
worksheet.letters.lock_letters,Lock Letters,,section label,
worksheet.letters.lock_warning,⚠ {letter} isn't in your Letters Included selection — add it there first.,,inline warning,leading-emoji;mixed UI+content — do not translate {…}
worksheet.letters.panel_title,Letters Included,,panel title,
worksheet.letters.second_letter,Second Letter,,lock position label,
worksheet.letters.third_letter,Third Letter,,lock position label,
worksheet.letters.yud_warning,⚠ Yud + Yud blends will be skipped,,inline warning,leading-emoji
worksheet.menus.collapse_all,Collapse all menus,,sidebar button,
worksheet.menus.expand_all,Expand all menus,,sidebar button,
worksheet.modes.bingo.all_match_tooltip,Every student's card contains the same blends — just in different positions. Every blend you call will be on every card. Great for younger students and faster games.,,tooltip,html
worksheet.modes.bingo.caller_tooltip,Adds a teacher page listing every blend in the call order. Check them off as you call them during the game.,,tooltip,
worksheet.modes.bingo.label,Bingo Mode,,toggle-row label,
worksheet.modes.bingo.show_translit,Show Transliteration on card,,bingo option toggle,
worksheet.modes.bingo.tooltip,"Generates unique randomized bingo cards using Hebrew blends. Print one card per student, then call out blends aloud — students mark off matches. Includes a caller sheet for the teacher.",,tooltip,html
worksheet.modes.fill_vowels,Fill in the Vowels (students add nikkud),,toggle-row label,
worksheet.modes.gematria.answer_key,Answer Key,,gematria toggle,
worksheet.modes.gematria.label,Gematria Mode,,toggle-row label,
worksheet.modes.gematria.tooltip,"Students write the total Gematria value below each word or blend. Enable Self Check for flip cards, or Answer Key to print a teacher copy on the second page.",,tooltip,html
worksheet.modes.help.bingo,Generates printable bingo cards from your blends.,,worksheet-type help line,
worksheet.modes.help.fillvowels,Hebrew with no nikkud — students add the vowel marks.,,worksheet-type help line,
worksheet.modes.help.gematria,Students calculate the Gematria value of each word.,,worksheet-type help line,
worksheet.modes.help.inverse,English shown — students write Hebrew.,,worksheet-type help line,
worksheet.modes.help.matching,"Draw-a-line matching — blends in one column, their sounds shuffled in the other. Includes an optional answer key.",,worksheet-type help line,
worksheet.modes.help.nametheletter,Drill Hebrew letter names. Only available with 1-Letter practice.,,worksheet-type help line,
worksheet.modes.help.reading,Hebrew shown — students read aloud.,,worksheet-type help line,
worksheet.modes.help.tracing,"Ruled lines with faded models — students trace, then write on their own.",,worksheet-type help line,
worksheet.modes.inverse_mode,Inverse Mode (English → write Hebrew),,toggle-row label,
worksheet.modes.matching.label,Matching,,toggle-row label,
worksheet.modes.matching.num_pairs_tooltip,How many blend↔sound pairs to put on the matching worksheet. Kept small so everything fits one printed page.,,tooltip,
worksheet.modes.ntl.inverse,Inverse (show letter name),,toggle-row label,
worksheet.modes.ntl.label,Name the Letter,,toggle-row label,
worksheet.modes.ntl.tooltip,"Drill Hebrew letter names. Students see a Hebrew letter and write its name (Alef, Bet…). Turn on Inverse to flip it: the name is shown and the student writes the Hebrew letter.",,tooltip,
worksheet.modes.number.bingo,Bingo Mode,,number-practice toggle,
worksheet.modes.number.bingo.all_match_tooltip,Every student's card contains the same numbers — just in different positions.,,tooltip,
worksheet.modes.number.bingo.caller_tooltip,"Adds a teacher page listing every number drawn, with both digit and Hebrew word, in the call order.",,tooltip,
worksheet.modes.number.bingo.show_pair,Show pair,,number-bingo option,
worksheet.modes.number.bingo.show_pair_tooltip,Shows the matching digit under each Hebrew word (or vice-versa) on every cell.,,tooltip,
worksheet.modes.number.bingo_tooltip,Generate printable bingo cards filled with numbers (or Hebrew number words). Includes a teacher caller sheet showing both the digit and the Hebrew word.,,tooltip,
worksheet.modes.number.display,Display,,number-practice label,
worksheet.modes.number.display.number,Number,,display button,
worksheet.modes.number.display.word,Hebrew word,,display button,
worksheet.modes.number.gender,Gender,,number-practice label,
worksheet.modes.number.gender.f,Feminine,,gender button,
worksheet.modes.number.gender.m,Masculine,,gender button,
worksheet.modes.number.label,Number Practice,,toggle-row label,
worksheet.modes.number.range,Number range,,number-practice label,
worksheet.modes.number.range_to,to,,number-range separator,
worksheet.modes.number.tooltip,Practice Hebrew numbers from 0–9999. Show students a digit and have them write the Hebrew word — or show the Hebrew word and have them write the digit. Supports masculine and feminine forms.,,tooltip,html
worksheet.modes.number.total_questions,Total questions,,number-practice label,
worksheet.modes.panel_title,Worksheet Mode,,panel title,
worksheet.modes.practice.nikud,Vowels Only,,practice-type button,contains \n
worksheet.modes.practice.one,1-Letter,,practice-type button,
worksheet.modes.practice.realwords,Real Words,,practice-type button,contains \n
worksheet.modes.practice.three,3-Letter,,practice-type button,
worksheet.modes.practice.two,2-Letter,,practice-type button,
worksheet.modes.practice_type_label,Practice Type,,section label,
worksheet.modes.realwords.label,Real Words Mode,,toggle-row label,
worksheet.modes.realwords.tooltip,"Includes several drill types using real Hebrew words from a dictionary of over 13,000 words.",,tooltip,
worksheet.modes.three.first_letter,1st letter,,3-letter checkbox,
worksheet.modes.three.second_letter,2nd letter,,3-letter checkbox,
worksheet.modes.three.vowel_on,Vowel on,,3-letter sub-option label,
worksheet.modes.tracing.darkness,Trace darkness,,tracing label,
worksheet.modes.tracing.darkness.dark,Dark,,trace-darkness button,
worksheet.modes.tracing.darkness.light,Light,,trace-darkness button,
worksheet.modes.tracing.darkness.medium,Medium,,trace-darkness button,
worksheet.modes.tracing.faded_models,Faded models per line,,tracing toggle-row,
worksheet.modes.tracing.faded_models_tooltip,How many faded copies print at the start of each line for the student to trace.,,tooltip,
worksheet.modes.tracing.fill_line,Fill the line,,tracing toggle-row,
worksheet.modes.tracing.fill_line_tooltip,"Repeat faded copies across the whole line instead of leaving blank writing space — trace-only practice. Disables ""Faded models per line"".",,tooltip,
worksheet.modes.tracing.label,Tracing,,toggle-row label,
worksheet.modes.tracing.line.both,Top + bottom,,tracing line-style button,
worksheet.modes.tracing.line.bottom,Bottom line,,tracing line-style button,
worksheet.modes.tracing.line_style,Line style,,tracing label,
worksheet.modes.tracing.lines_per_item,Lines per item,,tracing toggle-row,
worksheet.modes.tracing.lines_per_item_tooltip,Repeat each item on this many consecutive ruled lines.,,tooltip,
worksheet.modes.tracing.repeat_models,Repeat models on every line,,tracing toggle-row,
worksheet.modes.tracing.repeat_models_tooltip,On: every ruled line for an item shows the faded models. Off: only the first line does; the rest are blank ruled lines.,,tooltip,
worksheet.modes.tracing.solid_first,Solid example first,,tracing toggle-row,
worksheet.modes.tracing.solid_first_tooltip,"Print the first (rightmost) copy at full darkness as a model, followed by the faded copies to trace.",,tooltip,
worksheet.modes.tracing.spacing,Spacing,,tracing slider label,
worksheet.modes.type.bingo,Bingo,,worksheet-type button,
worksheet.modes.type.fillvowels,Fill Vowels,,worksheet-type button,contains \n
worksheet.modes.type.gematria,Gematria,,worksheet-type button,
worksheet.modes.type.inverse,Inverse,,worksheet-type button,
worksheet.modes.type.matching,Matching,,worksheet-type button,
worksheet.modes.type.nametheletter,Name the Letter,,worksheet-type button,contains \n
worksheet.modes.type.reading,Reading,,worksheet-type button,
worksheet.modes.type.tracing,Tracing,,worksheet-type button,
worksheet.modes.worksheet_type_label,Worksheet Type,,section label,
worksheet.opt.answer_key,Answer Key,,translit-placement / toggle label,
worksheet.opt.answer_key_lc,Answer key,,translit-placement button,
worksheet.opt.back,Back,,flip-placement button,
worksheet.opt.caller,Caller,,bingo-placement button,
worksheet.opt.card,Card,,bingo-placement button,
worksheet.opt.english,English,,segmented / language option,
worksheet.opt.front,Front,,flip-placement button,
worksheet.opt.grid_10,10 × 10,,grid-size option,
worksheet.opt.grid_12,12 × 12,,grid-size option,
worksheet.opt.grid_15,15 × 15,,grid-size option,
worksheet.opt.grid_18,18 × 18,,grid-size option,
worksheet.opt.grid_3,3 × 3,,grid-size option,
worksheet.opt.grid_4,4 × 4,,grid-size option,
worksheet.opt.grid_5,5 × 5,,grid-size option,
worksheet.opt.perpage_1,1 card,,per-page option,
worksheet.opt.perpage_2,2 cards,,per-page option,
worksheet.opt.perpage_4,4 cards,,per-page option,
worksheet.opt.same_page,Same page,,translit-placement button,
worksheet.opt.timer_1min,1 min,,timer-duration option,
worksheet.opt.timer_2min,2 min,,timer-duration option,
worksheet.opt.timer_3min,3 min,,timer-duration option,
worksheet.opt.timer_5min,5 min,,timer-duration option,
worksheet.opt.worksheet,Worksheet,,translit-placement button,
worksheet.output.duration,Duration,,self-check option,
worksheet.output.qr_answer_key,QR Answer Key,,output toggle-row label,
worksheet.output.qr_answer_key_tooltip,"Adds a small QR code to the worksheet footer. Students scan it with a phone to open a scan-to-check answer key that matches their sheet — handy for self-checking at centers. Works for reading, inverse, name-the-letter, fill-vowels, gematria, matching, number practice, and the real-words drills (including word search & crossword).",,tooltip,
worksheet.output.timer,Timer,,self-check option,
worksheet.presets.delete_confirm,"Are you sure you want to delete the preset ""{name}""?",,confirm dialog,mixed UI+content — do not translate {…}
worksheet.presets.delete_title,Delete,,preset action button title,aria-label only
worksheet.presets.duplicate_title,Duplicate,,preset action button title,aria-label only
worksheet.presets.import_empty,Paste a backup into the text box first.,,alert,
worksheet.presets.import_invalid,Invalid backup. Make sure you pasted the full exported text.,,alert,
worksheet.presets.import_toast,Imported {count} preset(s). Duplicates were overwritten.,,toast,
worksheet.presets.load,Load,,preset action button,
worksheet.presets.name_note_empty,Enter a preset name to save.,,inline validation note,
worksheet.presets.name_placeholder,Preset name...,,input placeholder,
worksheet.presets.overwrite_confirm,"Overwrite preset ""{name}"" with current settings?",,confirm dialog,mixed UI+content — do not translate {…}
worksheet.presets.overwrite_title,Overwrite with current settings,,preset action button title,aria-label only
worksheet.presets.panel_title,Saved Presets,,panel title,
worksheet.presets.panel_tooltip,"Save your current letter, vowel, and layout settings as a named preset. Load it later to instantly restore everything — great for switching between class levels or drill types.",,tooltip,
worksheet.presets.save,💾 Save,,button,leading-emoji
worksheet.preview.adjust_selection,Adjust your selection to continue.,,preview notice,
worksheet.preview.dismiss,Dismiss,,preview notice close button,aria-label only
worksheet.preview.loading_word_list,Loading word list…,,preview notice,
worksheet.preview.settings_changed,Settings changed — Generate to apply.,,preview notice,
worksheet.preview.waiting_selection,Waiting for a valid selection…,,preview notice,
worksheet.preview.word_list_failed,Could not load the word list. Check your connection and try again.,,preview notice,
worksheet.quickstart.class_bingo,Class Bingo (30 cards),,quick-start chip,
worksheet.quickstart.drawer_summary,⚡ Quick start — ready-made worksheets,,sidebar drawer summary,leading-emoji
worksheet.quickstart.empty_label,Or start with a ready-made worksheet,,empty-state label,
worksheet.quickstart.fill_vowels,Fill-in-the-Vowels quiz,,quick-start chip,
worksheet.quickstart.kamatz_patach,Kamatz & Patach drill,,quick-start chip,
worksheet.quickstart.loaded_notice,Loaded “{name}” — tweak anything on the left; the preview updates live.,,preview notice toast,mixed UI+content — do not translate {…}
worksheet.quickstart.name_letter,Alef-Bet: Name the Letter,,quick-start chip,
worksheet.quickstart.numbers,Numbers 0–20,,quick-start chip,
worksheet.realwords.bingo.title,Bingo Options,,rw section header,
worksheet.realwords.clear_btn,✕ Clear,,button,leading-emoji
worksheet.realwords.cw.clue.english,English,,crossword clue-language button,
worksheet.realwords.cw.clue_lang,Clue Language,,rw crossword label,
worksheet.realwords.display.title,Drill Options,,rw section header,
worksheet.realwords.drill.bingo,Bingo,,drill-type button,
worksheet.realwords.drill.crossword,Crossword,,drill-type button,
worksheet.realwords.drill.fillvowels,Fill Vowels,,drill-type button,
worksheet.realwords.drill.gematria,Gematria,,drill-type button,
worksheet.realwords.drill.identify,ID Real Words,,drill-type button,
worksheet.realwords.drill.idpos,ID Parts of Speech,,drill-type button,
worksheet.realwords.drill.matching,Matching,,drill-type button,
worksheet.realwords.drill.numpractice,Number Practice,,drill-type button,
worksheet.realwords.drill.reading,Reading,,drill-type button,
worksheet.realwords.drill.reverse,Reverse,,drill-type button,
worksheet.realwords.drill.vocab,Self-Check,,drill-type button,
worksheet.realwords.drill.wordsearch,Word Search,,drill-type button,
worksheet.realwords.drilltype.title,Drill Type,,rw section header,
worksheet.realwords.era.biblical,Biblical,,era checkbox,
worksheet.realwords.era.modern,Modern,,era checkbox,
worksheet.realwords.filters.era,Era,,filter group label,
worksheet.realwords.filters.len.2,2-Letter,,length checkbox,
worksheet.realwords.filters.len.3,3-Letter,,length checkbox,
worksheet.realwords.filters.len.4,4-Letter,,length checkbox,
worksheet.realwords.filters.len.5,5-Letter,,length checkbox,
worksheet.realwords.filters.len.6,6-Letter,,length checkbox,
worksheet.realwords.filters.len.7,7-Letter,,length checkbox,
worksheet.realwords.filters.len.8plus,8+ Letter,,length checkbox,
worksheet.realwords.filters.len.prefix,Prefixes/Suffixes,,length checkbox,
worksheet.realwords.filters.length,Length,,filter group label,
worksheet.realwords.filters.pos,Part of Speech,,filter group label,
worksheet.realwords.filters.title,Word Filters,,rw section header,
worksheet.realwords.help.bingo,Unique bingo cards with real Hebrew words. Teacher calls words aloud; students mark matches.,,drill help line,
worksheet.realwords.help.crossword,A printable Hebrew crossword. Words interlock on shared letters; clues are the English meaning or transliteration. Includes a word bank and answer key.,,drill help line,
worksheet.realwords.help.fillvowels,Hebrew words shown with nikkud stripped — students write in the vowel marks.,,drill help line,
worksheet.realwords.help.gematria,Each word is shown with a blank line. Students calculate the total Gematria value of the letters.,,drill help line,
worksheet.realwords.help.identify,Mixed real words + nonsense blends; students circle the real ones. Includes a teacher answer key.,,drill help line,
worksheet.realwords.help.idpos,Hebrew words shown; students write the part of speech. Answer key includes a small POS tag on each card.,,drill help line,
worksheet.realwords.help.matching,"Draw-a-line matching: Hebrew words in one column, shuffled targets in the other. Match by English translation, emoji (picture matching), or transliteration. Includes an optional answer key.",,drill help line,
worksheet.realwords.help.numpractice,Hebrew number practice (0–9999). Includes its own options panel.,,drill help line,
worksheet.realwords.help.reading,Hebrew shown — students read aloud and flip to check.,,drill help line,
worksheet.realwords.help.reverse,English shown — students recall or write the Hebrew.,,drill help line,
worksheet.realwords.help.vocab,"Flip cards: Hebrew front, English translation back.",,drill help line,
worksheet.realwords.help.wordsearch,"A printable Hebrew word search puzzle. Pick grid size, word count, and allowed directions.",,drill help line,
worksheet.realwords.idpos_section,Parts of Speech,,rw sub-section header,
worksheet.realwords.import_btn,⬇ Import,,button,leading-emoji
worksheet.realwords.import_detected.one,{count} word detected,,import count note,plural
worksheet.realwords.import_detected.other,{count} words detected,,import count note,plural
worksheet.realwords.import_instructions,"In the Word Lookup dictionary, enable Bulk Copy Mode and set Copy Mode to All info. Select your words, copy, then paste below. Plain Hebrew (one per line) also works.",,instructions,html
worksheet.realwords.import_success.one,✓ {count} word imported,,import status,plural;leading-emoji
worksheet.realwords.import_success.other,✓ {count} words imported,,import status,plural;leading-emoji
worksheet.realwords.import_textarea_aria,Paste imported word list,,textarea aria-label,aria-label only
worksheet.realwords.letterfilter.hint,Only show words using these letters,,filter hint,
worksheet.realwords.letterfilter.title,Letter Filter,,rw section header,
worksheet.realwords.list_empty,"No word lists yet. Create word lists in the Dictionary, then come back to drill them here.",,empty state,html
worksheet.realwords.match.emoji,Emoji,,match-target button,
worksheet.realwords.match.translation,Translation,,match-target button,
worksheet.realwords.match.versions,Versions,,rw match label,
worksheet.realwords.match.versions_tooltip,"Generates multiple unique matching worksheets from the same settings — each with a different random selection and shuffle. Print one per student to prevent copying. Each is labeled 'Version A', 'Version B', etc.",,tooltip,
worksheet.realwords.match_emoji_pool.one,{count} word has a matching emoji.,,match pool note,plural
worksheet.realwords.match_emoji_pool.other,{count} words have a matching emoji.,,match pool note,plural
worksheet.realwords.match_target,Match Target,,rw match label,
worksheet.realwords.match_target_tooltip,What students match each Hebrew word to. Emoji makes a picture-matching worksheet — only words that have an emoji are used.,,tooltip,
worksheet.realwords.mix_blends,Mix with generated blends,,toggle-row label,
worksheet.realwords.mix_blends_tooltip,"When on, real words are mixed in with randomly generated blends. Students won't know which are real — great for a ""find the real words"" activity.",,tooltip,
worksheet.realwords.pool_imported.one,{count} word imported,,pool info,plural
worksheet.realwords.pool_imported.other,{count} words imported,,pool info,plural
worksheet.realwords.pool_matching,{count} matching words,,pool info,
worksheet.realwords.pool_no_lists,No lists selected — pick one or more above.,,pool info,
worksheet.realwords.pool_none_imported,No words imported yet — paste and Import above.,,pool info,
worksheet.realwords.pool_selected.one,{count} word selected,,pool info,plural
worksheet.realwords.pool_selected.other,{count} words selected,,pool info,plural
worksheet.realwords.pos.adjective,Adjective,,part-of-speech checkbox,
worksheet.realwords.pos.adverb,Adverb,,part-of-speech checkbox,
worksheet.realwords.pos.conjunction,Conjunction,,part-of-speech checkbox,
worksheet.realwords.pos.noun,Noun,,part-of-speech checkbox,
worksheet.realwords.pos.other,Other,,part-of-speech checkbox,
worksheet.realwords.pos.preposition,Preposition,,part-of-speech checkbox,
worksheet.realwords.pos.pronoun,Pronoun,,part-of-speech checkbox,
worksheet.realwords.pos.proper_noun,Proper Noun,,part-of-speech checkbox,
worksheet.realwords.pos.root,Root (שׁורש),,part-of-speech checkbox,RTL / hebDisplay
worksheet.realwords.pos.verb,Verb,,part-of-speech checkbox,
worksheet.realwords.show_translation,Show Translation,,toggle-row label,
worksheet.realwords.source.all,All Words,,word-source button,
worksheet.realwords.source.imported,Imported List,,word-source button,
worksheet.realwords.source.lists,My Word Lists,,word-source button,
worksheet.realwords.source.title,Word Source,,rw section header,
worksheet.realwords.star_real,Star real words,,toggle-row label,
worksheet.realwords.ws.directions,Directions,,rw word-search label,
worksheet.realwords.ws.directions_tooltip,Pick which directions words can be hidden in. ← is right-to-left (the natural Hebrew reading direction). Enable more directions for harder puzzles.,,tooltip,
worksheet.selfcheck.columns,Columns:,,self-check control label,
worksheet.selfcheck.got_it,✓ Got it,,flip-card score button,leading-emoji
worksheet.selfcheck.hide_all,Hide All,,self-check control button,
worksheet.selfcheck.missed,✗ Missed,,flip-card score button,leading-emoji
worksheet.selfcheck.per_row,Per row:,,self-check control label,
worksheet.selfcheck.play_audio,Play audio,,audio button title,aria-label only
worksheet.selfcheck.remaining,{count} left,,score-bar remaining count,
worksheet.selfcheck.reset,↺ Reset,,self-check reset button,leading-emoji
worksheet.selfcheck.reveal_all,Reveal All,,self-check control button,
worksheet.selfcheck.score_line,{correct} correct · {incorrect} incorrect · {total} total,,score summary line,mixed UI+content — do not translate {…}
worksheet.selfcheck.session_complete,Session Complete!,,score summary h2,
worksheet.selfcheck.tap_back_hear,🔊 Tap back to hear,,self-check control hint,leading-emoji
worksheet.selfcheck.tap_reveal_gematria,Tap a card to reveal its Gematria value,,self-check control hint,
worksheet.selfcheck.tap_reveal_word,Tap a card to reveal the Hebrew word,,self-check control hint,
worksheet.selfcheck.tap_to_flip,Tap a card to flip,,self-check control hint,
worksheet.selfcheck.tap_to_reveal,tap to reveal,,flip-card hint,
worksheet.selfcheck.timer_pause,⏸ Pause,,timer control button,leading-emoji
worksheet.selfcheck.timer_start,▶ Start,,timer control button,leading-emoji
worksheet.selfcheck.try_again,Try Again,,score summary button,
worksheet.share.copied,✓ Copied!,,share button feedback,leading-emoji
worksheet.share.truncate_notice,Only the first {cap} of {count} words were embedded in this link.,,share notice,mixed UI+content — do not translate {…}
worksheet.sidebar.hide,Hide sidebar,,sidebar toggle title,aria-label only
worksheet.sidebar.show,Show sidebar,,sidebar toggle title,aria-label only
worksheet.title,Hebrew Worksheet Generator,,page h1,
worksheet.tour.firstrun_link,Take a quick tour →,,First-run quick-start tour link,first-run affordance
worksheet.tour.generate.body,Builds your worksheet instantly. Regenerate keeps your settings but reshuffles.,,tour step body,
worksheet.tour.generate.title,Generate,,tour step title,
worksheet.tour.launch_button,❓ Tour,,Header tour-launch button,leading-emoji
worksheet.tour.launch_title,Take a quick tour,,Header tour-launch button title,tooltip
worksheet.tour.letters.body,Tap letters to include or exclude them — match exactly what your class has learned.,,tour step body,
worksheet.tour.letters.title,Letters,,tour step title,
worksheet.tour.practice_type.body,"Choose what students practice: single letters, 2- or 3-letter blends, vowels alone, or real Hebrew words.",,tour step body,
worksheet.tour.practice_type.title,Practice Type,,tour step title,
worksheet.tour.presets.body,Save setups you reuse — one per class level — and reload them in a click.,,tour step body,
worksheet.tour.presets.title,Presets,,tour step title,
worksheet.tour.share.body,Copies a link with all your settings baked in — send it to a colleague and they get your exact setup.,,tour step body,
worksheet.tour.share.title,Share,,tour step title,
worksheet.tour.vowels.body,Same idea for nikkud: only the vowels you've taught.,,tour step body,
worksheet.tour.vowels.title,Vowels,,tour step title,
worksheet.tour.worksheet_type.body,"Turn the same practice into a reading sheet, a fill-in-the-vowels quiz, bingo cards, and more.",,tour step body,
worksheet.tour.worksheet_type.title,Worksheet Type,,tour step title,
worksheet.validation.bingo_need_words,Need at least {count} words for a {gridSize}×{gridSize} grid. Only {available} match your filters.,,alert,mixed UI+content — do not translate {…}
worksheet.validation.no_valid_hebrew,No valid Hebrew words found. Make sure each line starts with a Hebrew word.,,alert,
worksheet.validation.no_words_available,No words available.,,alert,
worksheet.validation.no_words_filters,No words match your current filters. Try enabling more options.,,alert,
worksheet.validation.pdf_failed,PDF export failed. Try using Print → Save as PDF instead.,,alert,
worksheet.validation.select_letter,Please select at least one letter.,,alert,
worksheet.validation.select_more_letters,"Please select more letters. At least one non-sofit letter is needed for first position, and at least one valid letter for second position.",,alert,
worksheet.validation.select_vowel,Please select at least one vowel.,,alert,
worksheet.vowels.color.aqua,Aqua,,vowel group color name,
worksheet.vowels.color.blue,Blue,,vowel group color name,
worksheet.vowels.color.green,Green,,vowel group color name,
worksheet.vowels.color.grey,Grey,,vowel group color name,
worksheet.vowels.color.orange,Orange,,vowel group color name,
worksheet.vowels.color.purple,Purple,,vowel group color name,
worksheet.vowels.color.red,Red,,vowel group color name,
worksheet.vowels.color.yellow,Yellow,,vowel group color name,
worksheet.vowels.count_vav,Count וֹ/וּ as a letter,,vowel option checkbox,RTL / hebDisplay
worksheet.vowels.count_vav_tooltip,"When unchecked (default), vav-holam (וֹ) and shuruk (וּ) appear alongside a consonant — the Vav is the vowel marker, not counted as a letter. When checked, they appear as standalone וֹ and וּ — the Vav itself is the letter.",,tooltip,RTL / hebDisplay;html
worksheet.vowels.group_header,{sound} Sound – {color},,vowel group header template,mixed UI+content — do not translate {…}
worksheet.vowels.lock_vowels,Lock Vowels,,section label,
worksheet.vowels.lock_vowels_tooltip,"When on, generated blends use only the locked vowels — a quick way to drill a single vowel sound (or a small set) without changing the main vowel selection above.",,tooltip,
worksheet.vowels.lock_warning,⚠ That vowel isn't in your Vowels Included selection — add it above first.,,inline warning,leading-emoji
worksheet.vowels.panel_title,Vowels Included,,panel title,
worksheet.vowels.sound.ah,AH,,vowel group sound label,
worksheet.vowels.sound.ee,EE,,vowel group sound label,
worksheet.vowels.sound.eh,EH,,vowel group sound label,
worksheet.vowels.sound.ey,EY,,vowel group sound label,
worksheet.vowels.sound.oh,OH,,vowel group sound label,
worksheet.vowels.sound.oo,OO,,vowel group sound label,
worksheet.vowels.sound.uh,UH,,vowel group sound label,
worksheet.vowels.sub.ah,AH sound,,vowel chip subtext,
worksheet.vowels.sub.ee,EE sound,,vowel chip subtext,
worksheet.vowels.sub.eh,EH sound,,vowel chip subtext,
worksheet.vowels.sub.ey,EY sound,,vowel chip subtext,
worksheet.vowels.sub.oh,OH sound,,vowel chip subtext,
worksheet.vowels.sub.oo,OO sound,,vowel chip subtext,
worksheet.vowels.sub.short_ah,short AH,,vowel chip subtext,
worksheet.vowels.sub.short_eh,short EH,,vowel chip subtext,
worksheet.vowels.sub.uh,UH / silent,,vowel chip subtext,
flashcards.teachertools.preset_overwrite_confirm,"Overwrite preset ""{name}""?","לדרוס על ההגדרה השמורה ""{name}""?",Confirm before overwriting an existing preset on save,has {name}
flashcards.teachertools.preset_delete_confirm,"Delete preset ""{name}""?","למחוק את ההגדרה השמורה ""{name}""?",Confirm before deleting a preset,has {name}
flashcards.teachertools.preset_overwrite_current_confirm,"Overwrite preset ""{name}"" with current settings?","לדרוס על ההגדרה ""{name}"" עם ההגדרות הנוכחיות?",Confirm overwrite from the preset row save action,has {name}
flashcards.teachertools.preset_name_required,Enter a preset name to save.,הזינו שם להגדרה כדי לשמור.,Inline note when Save pressed with empty preset name,
flashcards.results.no_results_to_save,No drill results to save.,אין תוצאות תרגול לשמירה.,Guard when tapping Save Results with nothing to save,
flashcards.card.end_early_confirm,End practice and see results so far?,לסיים את התרגול ולראות את התוצאות עד כה?,Confirm dialog for the End Practice Early button,
flashcards.advanced.color_reset_confirm,Are you sure? This resets your custom vowel colors for both the Default and TaL AM schemes.,האם אתם בטוחים? פעולה זו תאפס את צבעי הניקוד המותאמים שלכם בשתי ערכות הצבע — ברירת המחדל וגם תל-עם.,Confirm for the color-scheme Reset button,"REVIEW: phrasing of ""resets both schemes"""
shared.tip.aria_more_info,More information,מידע נוסף,Default aria-label the tooltip engine adds to a trigger lacking its own label,
shared.folders.duplicate,Duplicate,שכפול,Title on the duplicate button in the folder-tree row,
flashcards.count.custom_placeholder,Custom,מותאם,Placeholder on the custom card-count input,
flashcards.count.custom_aria,Custom card count ({min} to {max}),מספר כרטיסים מותאם ({min} עד {max}),aria-label on the custom card-count input,has {min} {max}
flashcards.profile.saved_count,{count} saved,{count} שמורים,Sub-label on each profile row (saved-results count),has {count}
flashcards.profile.active_marker,★ ,★ ,Prefix marking the active profile row,symbol only
flashcards.teachertools.play_button,▶ Play,▶ נגן,Play button on a saved preset row (loads + starts the drill),
